"date","confirmed","deaths","recovered","tests","vaccines","people_vaccinated","people_fully_vaccinated","hosp","icu","vent","population","school_closing","workplace_closing","cancel_events","gatherings_restrictions","transport_closing","stay_home_restrictions","internal_movement_restrictions","international_movement_restrictions","information_campaigns","testing_policy","contact_tracing","facial_coverings","vaccination_policy","elderly_people_protection","government_response_index","stringency_index","containment_health_index","economic_support_index"
2020-01-01,NA,NA,NA,25,NA,NA,NA,NA,NA,NA,126190788,0,0,0,0,0,0,0,0,0,0,0,0,0,0,0,0,0,0
2020-01-02,NA,NA,NA,97,NA,NA,NA,NA,NA,NA,126190788,0,0,0,0,0,0,0,0,0,0,0,0,0,0,0,0,0,0
2020-01-03,NA,NA,NA,186,NA,NA,NA,NA,NA,NA,126190788,0,0,0,0,0,0,0,0,0,0,0,0,0,0,0,0,0,0
2020-01-04,NA,NA,NA,231,NA,NA,NA,NA,NA,NA,126190788,0,0,0,0,0,0,0,0,0,0,0,0,0,0,0,0,0,0
2020-01-05,NA,NA,NA,312,NA,NA,NA,NA,NA,NA,126190788,0,0,0,0,0,0,0,0,0,0,0,0,0,0,0,0,0,0
2020-01-06,NA,NA,NA,478,NA,NA,NA,NA,NA,NA,126190788,0,0,0,0,0,0,0,0,0,0,0,0,0,0,0,0,0,0
2020-01-07,NA,NA,NA,662,NA,NA,NA,NA,NA,NA,126190788,0,0,0,0,0,0,0,0,0,0,0,0,0,0,0,0,0,0
2020-01-08,NA,NA,NA,831,NA,NA,NA,NA,NA,NA,126190788,0,0,0,0,0,0,0,0,0,0,0,0,0,0,0,0,0,0
2020-01-09,NA,NA,NA,1022,NA,NA,NA,NA,NA,NA,126190788,0,0,0,0,0,0,0,0,0,0,0,0,0,0,0,0,0,0
2020-01-10,NA,NA,NA,1169,NA,NA,NA,NA,NA,NA,126190788,0,0,0,0,0,0,0,0,0,0,0,0,0,0,0,0,0,0
2020-01-11,NA,NA,NA,1214,NA,NA,NA,NA,NA,NA,126190788,0,0,0,0,0,0,0,0,0,0,0,0,0,0,0,0,0,0
2020-01-12,NA,NA,NA,1343,NA,NA,NA,NA,NA,NA,126190788,0,0,0,0,0,0,0,0,0,0,0,0,0,0,0,0,0,0
2020-01-13,NA,NA,NA,1568,NA,NA,NA,NA,NA,NA,126190788,0,0,0,0,0,0,0,0,0,0,0,0,0,0,0,0,0,0
2020-01-14,NA,NA,NA,1807,NA,NA,NA,NA,NA,NA,126190788,0,0,0,0,0,0,0,0,0,0,0,0,0,0,0,0,0,0
2020-01-15,NA,NA,NA,2073,NA,NA,NA,NA,NA,NA,126190788,0,0,0,0,0,0,0,0,0,0,0,0,0,0,0,0,0,0
2020-01-16,NA,NA,NA,2303,NA,NA,NA,NA,NA,NA,126190788,0,0,0,0,0,0,0,0,0,0,0,0,0,0,0,0,0,0
2020-01-17,NA,NA,NA,2488,NA,NA,NA,NA,NA,NA,126190788,0,0,0,0,0,0,0,0,0,0,0,0,0,0,0,0,0,0
2020-01-18,NA,NA,NA,2557,NA,NA,NA,NA,NA,NA,126190788,0,0,0,0,0,0,0,0,0,0,0,0,0,0,0,0,0,0
2020-01-19,NA,NA,NA,2678,NA,NA,NA,NA,NA,NA,126190788,0,0,0,0,0,0,0,0,0,0,0,0,0,0,0,0,0,0
2020-01-20,NA,NA,NA,2970,NA,NA,NA,NA,NA,NA,126190788,0,0,0,0,0,0,0,0,0,0,0,0,0,0,0,0,0,0
2020-01-21,NA,NA,NA,3244,NA,NA,NA,NA,NA,NA,126190788,0,0,0,0,0,0,0,0,0,0,0,0,0,0,0,0,0,0
2020-01-22,NA,NA,NA,3533,NA,NA,NA,NA,NA,NA,126190788,0,0,0,0,0,0,0,0,0,0,0,0,0,0,0,0,0,0
2020-01-23,NA,NA,NA,3797,NA,NA,NA,NA,NA,NA,126190788,0,0,0,0,0,0,0,0,0,0,0,0,0,0,0,0,0,0
2020-01-24,NA,NA,NA,4006,NA,NA,NA,NA,NA,NA,126190788,0,0,0,0,0,0,0,0,0,0,0,0,0,0,0,0,0,0
2020-01-25,NA,NA,NA,4111,NA,NA,NA,NA,NA,NA,126190788,0,0,0,0,0,0,0,0,0,0,0,0,0,0,0,0,0,0
2020-01-26,NA,NA,NA,4269,NA,NA,NA,NA,NA,NA,126190788,0,0,0,0,0,0,0,0,0,0,0,0,0,0,0,0,0,0
2020-01-27,NA,NA,NA,4547,NA,NA,NA,NA,NA,NA,126190788,0,0,0,0,0,0,0,0,0,0,0,0,0,0,0,0,0,0
2020-01-28,NA,NA,NA,4793,NA,NA,NA,NA,NA,NA,126190788,0,0,0,0,0,0,0,0,0,0,0,0,0,0,0,0,0,0
2020-01-29,NA,NA,NA,5003,NA,NA,NA,NA,NA,NA,126190788,0,0,0,0,0,0,0,0,0,0,0,0,0,0,0,0,0,0
2020-01-30,NA,NA,NA,5234,NA,NA,NA,NA,NA,NA,126190788,0,0,0,0,0,0,0,0,0,0,0,0,0,0,0,0,0,0
2020-01-31,NA,NA,NA,5386,NA,NA,NA,NA,NA,NA,126190788,0,0,0,0,0,0,0,0,0,0,0,0,0,0,0,0,0,0
2020-02-01,NA,NA,NA,5452,NA,NA,NA,NA,NA,NA,126190788,0,0,0,0,0,0,0,0,0,0,0,0,0,0,0,0,0,0
2020-02-02,NA,NA,NA,5555,NA,NA,NA,NA,NA,NA,126190788,0,0,0,0,0,0,0,0,0,0,0,0,0,0,0,0,0,0
2020-02-03,NA,NA,NA,5695,NA,NA,NA,NA,NA,NA,126190788,0,0,0,0,0,0,0,0,0,0,0,0,0,0,0,0,0,0
2020-02-04,NA,NA,NA,5949,NA,NA,NA,NA,NA,NA,126190788,0,0,0,0,0,0,0,0,0,0,0,0,0,0,0,0,0,0
2020-02-05,NA,NA,NA,6182,NA,NA,NA,NA,NA,NA,126190788,0,0,0,0,0,0,0,0,0,0,0,0,0,0,0,0,0,0
2020-02-06,NA,NA,NA,6413,NA,NA,NA,NA,NA,NA,126190788,0,0,0,0,0,0,0,0,0,0,0,0,0,0,0,0,0,0
2020-02-07,NA,NA,NA,6584,NA,NA,NA,NA,NA,NA,126190788,0,0,0,0,0,0,0,0,0,0,0,0,0,0,0,0,0,0
2020-02-08,NA,NA,NA,6652,NA,NA,NA,NA,NA,NA,126190788,0,0,0,0,0,0,0,0,0,0,0,0,0,0,0,0,0,0
2020-02-09,NA,NA,NA,6782,NA,NA,NA,NA,NA,NA,126190788,0,0,0,0,0,0,0,0,0,0,0,0,0,0,0,0,0,0
2020-02-10,NA,NA,NA,7111,NA,NA,NA,NA,NA,NA,126190788,0,0,0,0,0,0,0,0,0,0,0,0,0,0,0,0,0,0
2020-02-11,NA,NA,NA,7357,NA,NA,NA,NA,NA,NA,126190788,0,0,0,0,0,0,0,0,0,0,0,0,0,0,0,0,0,0
2020-02-12,NA,NA,NA,7619,NA,NA,NA,NA,NA,NA,126190788,0,0,0,0,0,0,0,0,0,0,0,0,0,0,0,0,0,0
2020-02-13,NA,NA,NA,7811,NA,NA,NA,NA,NA,NA,126190788,0,0,0,0,0,0,0,0,0,0,0,0,0,0,0,0,0,0
2020-02-14,NA,NA,NA,7974,NA,NA,NA,NA,NA,NA,126190788,0,0,0,0,0,0,0,0,0,0,0,0,0,0,0,0,0,0
2020-02-15,NA,NA,NA,8050,NA,NA,NA,NA,NA,NA,126190788,0,0,0,0,0,0,0,0,0,0,0,0,0,0,0,0,0,0
2020-02-16,NA,NA,NA,8153,NA,NA,NA,NA,NA,NA,126190788,0,0,0,0,0,0,0,0,0,0,0,0,0,0,0,0,0,0
2020-02-17,NA,NA,NA,8400,NA,NA,NA,NA,NA,NA,126190788,0,0,0,0,0,0,0,0,0,0,0,0,0,0,0,0,0,0
2020-02-18,NA,NA,NA,8655,NA,NA,NA,NA,NA,NA,126190788,0,0,0,0,0,0,0,0,0,0,0,0,0,0,0,0,0,0
2020-02-19,NA,NA,NA,8840,NA,NA,NA,NA,NA,NA,126190788,0,0,0,0,0,0,0,0,0,0,0,0,0,0,0,0,0,0
2020-02-20,NA,NA,NA,9017,NA,NA,NA,NA,NA,NA,126190788,0,0,0,0,0,0,0,0,0,0,0,0,0,0,0,0,0,0
2020-02-21,NA,NA,NA,9148,NA,NA,NA,NA,NA,NA,126190788,0,0,0,0,0,0,0,0,0,0,0,0,0,0,0,0,0,0
2020-02-22,NA,NA,NA,9201,NA,NA,NA,NA,NA,NA,126190788,0,0,0,0,0,0,0,0,0,0,0,0,0,0,0,0,0,0
2020-02-23,NA,NA,NA,9312,NA,NA,NA,NA,NA,NA,126190788,0,0,0,0,0,0,0,0,0,0,0,0,0,0,0,0,0,0
2020-02-24,NA,NA,NA,9523,NA,NA,NA,NA,NA,NA,126190788,0,0,0,0,0,0,0,0,0,0,0,0,0,0,0,0,0,0
2020-02-25,NA,NA,NA,9789,NA,NA,NA,NA,NA,NA,126190788,0,0,0,0,0,0,0,0,0,0,0,0,0,0,0,0,0,0
2020-02-26,NA,NA,NA,9993,NA,NA,NA,NA,NA,NA,126190788,0,0,0,0,0,0,0,0,0,0,0,0,0,0,0,0,0,0
2020-02-27,NA,NA,NA,10188,NA,NA,NA,NA,NA,NA,126190788,0,0,0,0,0,0,0,0,0,0,0,0,0,0,0,0,0,0
2020-02-28,1,NA,NA,10404,NA,NA,NA,NA,NA,NA,126190788,0,0,0,0,0,0,0,1,0,0,1,0,0,0,4.69,2.78,5.36,0
2020-02-29,4,NA,NA,10488,NA,NA,NA,NA,NA,NA,126190788,0,0,0,0,0,0,0,1,0,0,1,0,0,0,4.69,2.78,5.36,0
2020-03-01,5,NA,NA,10633,NA,NA,NA,NA,NA,NA,126190788,0,0,0,0,0,0,0,1,0,0,1,0,0,0,4.69,2.78,5.36,0
2020-03-02,5,NA,NA,10912,NA,NA,NA,NA,NA,NA,126190788,0,0,0,0,0,0,0,1,0,0,1,0,0,0,4.69,2.78,5.36,0
2020-03-03,5,NA,1,11197,NA,NA,NA,NA,NA,NA,126190788,0,0,0,0,0,0,0,1,0,0,1,0,0,0,4.69,2.78,5.36,0
2020-03-04,5,NA,NA,11435,NA,NA,NA,NA,NA,NA,126190788,0,0,0,0,0,0,0,1,0,0,1,0,0,0,4.69,2.78,5.36,0
2020-03-05,5,NA,NA,11662,NA,NA,NA,NA,NA,NA,126190788,0,0,0,0,0,0,0,1,0,0,1,0,0,0,4.69,2.78,5.36,0
2020-03-06,6,NA,NA,11834,NA,NA,NA,NA,NA,NA,126190788,0,0,0,0,0,0,0,1,0,0,1,0,0,0,4.69,2.78,5.36,0
2020-03-07,6,NA,NA,11912,NA,NA,NA,NA,NA,NA,126190788,0,0,0,0,0,0,0,1,0,0,1,0,0,0,4.69,2.78,5.36,0
2020-03-08,7,NA,NA,12025,NA,NA,NA,NA,NA,NA,126190788,0,0,0,0,0,0,0,1,0,0,1,0,0,0,4.69,2.78,5.36,0
2020-03-09,7,NA,NA,12266,NA,NA,NA,NA,NA,NA,126190788,0,0,0,0,0,0,0,1,0,0,1,0,0,0,4.69,2.78,5.36,0
2020-03-10,7,NA,4,12521,NA,NA,NA,NA,NA,NA,126190788,0,0,0,0,0,0,0,1,0,0,1,0,0,0,4.69,2.78,5.36,0
2020-03-11,8,NA,NA,12839,NA,NA,NA,NA,NA,NA,126190788,0,0,0,0,0,0,0,1,0,0,1,0,0,0,4.69,2.78,5.36,0
2020-03-12,12,NA,NA,13222,NA,NA,NA,NA,NA,NA,126190788,0,0,0,0,0,0,0,1,0,0,1,0,0,0,4.69,2.78,5.36,0
2020-03-13,26,NA,NA,13660,NA,NA,NA,NA,NA,NA,126190788,0,0,0,0,0,0,0,1,0,0,1,0,0,0,4.69,2.78,5.36,0
2020-03-14,41,NA,NA,13882,NA,NA,NA,NA,NA,NA,126190788,0,0,0,0,0,0,0,1,0,0,1,0,0,0,4.69,2.78,5.36,0
2020-03-15,53,NA,NA,14127,NA,NA,NA,NA,NA,NA,126190788,0,0,0,0,0,0,0,1,0,0,1,0,0,1,6.77,2.78,7.74,0
2020-03-16,82,NA,NA,14493,NA,NA,NA,NA,NA,NA,126190788,0,0,0,0,0,0,0,1,0,0,1,0,0,1,6.77,2.78,7.74,0
2020-03-17,93,NA,NA,15212,NA,NA,NA,NA,NA,NA,126190788,0,0,0,0,0,0,0,1,0,0,1,0,0,1,6.77,2.78,7.74,0
2020-03-18,118,NA,NA,15998,NA,NA,NA,NA,NA,NA,126190788,0,0,0,0,0,0,0,1,0,0,1,0,0,1,6.77,2.78,7.74,0
2020-03-19,164,1,NA,16838,NA,NA,NA,NA,NA,NA,126190788,0,0,0,0,0,0,0,1,0,0,1,0,0,1,6.77,2.78,7.74,0
2020-03-20,203,2,NA,17596,NA,NA,NA,NA,NA,NA,126190788,0,0,0,0,0,0,0,1,0,0,1,0,0,1,6.77,2.78,7.74,0
2020-03-21,251,2,NA,18091,NA,NA,NA,NA,NA,NA,126190788,0,0,0,0,0,0,0,3,0,0,1,0,0,1,9.9,8.33,11.31,0
2020-03-22,316,3,NA,18506,NA,NA,NA,NA,NA,NA,126190788,0,0,0,0,0,0,0,3,0,0,1,0,0,1,9.9,8.33,11.31,0
2020-03-23,367,4,NA,19593,NA,NA,NA,NA,NA,NA,126190788,3,0,0,0,0,0,0,3,0,0,1,0,0,1,16.15,19.44,18.45,0
2020-03-24,405,5,NA,20964,NA,NA,NA,NA,NA,NA,126190788,3,0,2,2,0,0,1,3,2,0,1,0,0,1,34.9,52.78,39.88,0
2020-03-25,475,6,NA,22388,NA,NA,NA,NA,NA,NA,126190788,3,0,2,2,0,0,1,3,2,0,1,0,0,1,34.9,52.78,39.88,0
2020-03-26,585,8,NA,23773,NA,NA,NA,NA,NA,NA,126190788,3,3,2,2,0,0,1,3,2,0,1,0,0,1,41.15,63.89,47.02,0
2020-03-27,717,12,NA,25374,NA,NA,NA,NA,NA,NA,126190788,3,3,2,2,0,0,1,3,2,0,1,0,0,1,41.15,63.89,47.02,0
2020-03-28,848,16,NA,26173,NA,NA,NA,NA,NA,NA,126190788,3,3,2,2,0,0,1,3,2,0,1,0,0,1,41.15,63.89,47.02,0
2020-03-29,993,20,NA,26947,NA,NA,NA,NA,NA,NA,126190788,3,3,2,2,0,0,1,3,2,0,1,0,0,1,41.15,63.89,47.02,0
2020-03-30,1094,28,35,28626,NA,NA,NA,NA,NA,NA,126190788,3,3,2,3,-1,2,2,3,2,0,1,0,0,1,51.56,82.41,58.93,0
2020-03-31,1215,29,NA,30142,NA,NA,NA,NA,NA,NA,126190788,3,3,2,3,-1,2,2,3,2,0,1,0,0,1,51.56,82.41,58.93,0
2020-04-01,1378,37,NA,31779,NA,NA,NA,NA,NA,NA,126190788,3,3,2,3,-1,2,2,3,2,0,1,0,0,1,51.56,82.41,58.93,0
2020-04-02,1510,50,NA,33506,NA,NA,NA,NA,NA,NA,126190788,3,3,2,3,-1,2,2,3,2,0,1,0,0,1,51.56,82.41,58.93,0
2020-04-03,1688,60,633,35283,NA,NA,NA,NA,NA,NA,126190788,3,3,2,3,-1,2,2,3,2,0,1,0,0,1,51.56,82.41,58.93,0
2020-04-04,1890,79,NA,36393,NA,NA,NA,NA,NA,NA,126190788,3,3,2,3,-1,2,2,3,2,0,1,0,0,1,51.56,82.41,58.93,0
2020-04-05,2143,94,NA,37242,NA,NA,NA,NA,NA,NA,126190788,3,3,2,3,-1,2,2,3,2,0,1,0,0,1,51.56,82.41,58.93,0
2020-04-06,2439,125,NA,39332,NA,NA,NA,NA,NA,NA,126190788,3,3,2,3,-1,2,2,3,2,1,1,0,0,1,53.65,82.41,61.31,0
2020-04-07,2785,141,NA,41365,NA,NA,NA,NA,NA,NA,126190788,3,3,2,3,-1,2,2,3,2,1,1,0,0,1,53.65,82.41,61.31,0
2020-04-08,3181,174,NA,43607,NA,NA,NA,NA,NA,NA,126190788,3,3,2,3,-1,2,2,3,2,1,1,0,0,1,53.65,82.41,61.31,0
2020-04-09,3441,194,NA,45323,NA,NA,NA,NA,NA,NA,126190788,3,3,2,3,-1,2,2,3,2,1,1,0,0,1,53.65,82.41,61.31,0
2020-04-10,3844,233,NA,47308,NA,NA,NA,NA,NA,NA,126190788,3,3,2,3,-1,2,2,3,2,1,1,0,0,1,53.65,82.41,61.31,0
2020-04-11,4219,273,NA,48746,NA,NA,NA,NA,NA,NA,126190788,3,3,2,3,-1,2,2,3,2,1,1,0,0,1,53.65,82.41,61.31,0
2020-04-12,4661,296,1772,49983,NA,NA,NA,NA,NA,NA,126190788,3,3,2,3,-1,2,2,3,2,1,1,0,0,1,53.65,82.41,61.31,0
2020-04-13,5014,332,1843,52857,NA,NA,NA,NA,NA,NA,126190788,3,3,2,3,-1,2,2,3,2,1,1,0,0,1,53.65,82.41,61.31,0
2020-04-14,5399,406,1964,55820,NA,NA,NA,NA,NA,NA,126190788,3,3,2,3,-1,2,2,3,2,1,1,0,0,1,53.65,82.41,61.31,0
2020-04-15,5847,449,2125,58704,NA,NA,NA,NA,NA,NA,126190788,3,3,2,3,-1,2,2,3,2,1,1,0,0,1,53.65,82.41,61.31,0
2020-04-16,6297,486,NA,61477,NA,NA,NA,NA,NA,NA,126190788,3,3,2,3,-1,2,2,3,2,1,1,0,0,1,53.65,82.41,61.31,0
2020-04-17,6875,546,NA,64595,NA,NA,NA,NA,NA,NA,126190788,3,3,2,3,-1,2,2,3,2,1,1,-4,0,1,59.11,82.41,67.56,0
2020-04-18,7497,650,NA,66302,NA,NA,NA,NA,NA,NA,126190788,3,3,2,3,-1,2,2,3,2,1,1,-4,0,1,59.11,82.41,67.56,0
2020-04-19,8261,686,2627,67898,NA,NA,NA,NA,NA,NA,126190788,3,3,2,3,-1,2,2,3,2,1,1,-4,0,1,59.11,82.41,67.56,0
2020-04-20,8772,712,NA,71622,NA,NA,NA,NA,NA,NA,126190788,3,3,2,3,-1,2,2,3,2,1,1,-4,0,1,59.11,82.41,67.56,0
2020-04-21,9501,857,NA,75055,NA,NA,NA,NA,NA,NA,126190788,3,3,2,3,-1,2,2,3,2,1,1,-4,0,1,59.11,82.41,67.56,0
2020-04-22,10544,970,NA,78392,NA,NA,NA,NA,NA,NA,126190788,3,3,2,3,-1,2,2,3,2,1,1,-4,0,1,59.11,82.41,67.56,0
2020-04-23,11633,1069,NA,82045,NA,NA,NA,NA,NA,NA,126190788,3,3,2,3,-1,2,2,3,2,1,1,-4,0,1,59.11,82.41,67.56,0
2020-04-24,12872,1221,NA,86140,NA,NA,NA,NA,NA,NA,126190788,3,3,2,3,-1,2,2,3,2,1,1,-4,0,1,59.11,82.41,67.56,0
2020-04-25,13842,1305,7149,88491,NA,NA,NA,NA,NA,NA,126190788,3,3,2,3,-1,2,2,3,2,1,1,-4,0,1,59.11,82.41,67.56,0
2020-04-26,14677,1351,8354,90550,NA,NA,NA,NA,NA,NA,126190788,3,3,2,3,-1,2,2,3,2,1,1,-4,0,1,59.11,82.41,67.56,0
2020-04-27,15529,1434,9086,95013,NA,NA,NA,NA,NA,NA,126190788,3,3,2,3,-1,2,2,3,2,1,1,-4,0,1,59.11,82.41,67.56,0
2020-04-28,16752,1569,11423,99574,NA,NA,NA,NA,NA,NA,126190788,3,3,2,3,-1,2,2,3,2,1,1,-4,0,1,59.11,82.41,67.56,0
2020-04-29,17799,1732,NA,104457,NA,NA,NA,NA,NA,NA,126190788,3,3,2,3,-1,2,2,3,2,1,1,-4,0,1,59.11,82.41,67.56,0
2020-04-30,19224,1859,NA,109662,NA,NA,NA,NA,NA,NA,126190788,3,3,2,3,-1,2,2,3,2,1,1,-4,0,1,59.11,82.41,67.56,0
2020-05-01,20739,1972,12377,112934,NA,NA,NA,NA,NA,NA,126190788,3,3,2,3,-1,2,2,3,2,1,1,-4,0,1,59.11,82.41,67.56,0
2020-05-02,22088,2061,NA,115892,NA,NA,NA,NA,NA,NA,126190788,3,3,2,3,-1,2,2,3,2,1,1,-4,0,1,59.11,82.41,67.56,0
2020-05-03,23471,2154,13447,118791,NA,NA,NA,NA,NA,NA,126190788,3,3,2,3,-1,2,2,3,2,1,1,-4,0,1,59.11,82.41,67.56,0
2020-05-04,24905,2271,NA,124834,NA,NA,NA,NA,NA,NA,126190788,3,3,2,3,-1,2,2,3,2,1,1,-4,0,1,59.11,82.41,67.56,0
2020-05-05,26025,2507,16810,130063,NA,NA,NA,NA,NA,NA,126190788,3,3,2,3,-1,2,2,3,2,1,1,-4,0,1,59.11,82.41,67.56,0
2020-05-06,27634,2704,17781,135868,NA,NA,NA,NA,NA,NA,126190788,3,3,2,3,-1,2,2,3,2,1,1,-4,0,1,59.11,82.41,67.56,0
2020-05-07,29616,2961,NA,141822,NA,NA,NA,NA,NA,NA,126190788,3,3,2,3,-1,2,2,3,2,1,1,-4,0,1,59.11,82.41,67.56,0
2020-05-08,31522,3160,20314,148102,NA,NA,NA,NA,NA,NA,126190788,3,3,2,3,-1,2,2,3,2,1,1,-4,0,1,59.11,82.41,67.56,0
2020-05-09,33460,3353,21824,151724,NA,NA,NA,NA,NA,NA,126190788,3,3,2,3,-1,2,2,3,2,1,1,-4,0,1,59.11,82.41,67.56,0
2020-05-10,35022,3465,NA,154624,NA,NA,NA,NA,NA,NA,126190788,3,3,2,3,-1,2,2,3,2,1,1,-4,0,1,59.11,82.41,67.56,0
2020-05-11,36327,3573,23100,161655,NA,NA,NA,NA,NA,NA,126190788,3,3,2,3,-1,2,2,3,2,1,1,-4,0,1,59.11,82.41,67.56,0
2020-05-12,38324,3926,25935,168828,NA,NA,NA,NA,NA,NA,126190788,3,3,2,3,-1,2,2,3,2,1,1,-4,0,1,59.11,82.41,67.56,0
2020-05-13,40186,4220,26990,175892,NA,NA,NA,NA,NA,NA,126190788,3,3,2,3,-1,2,2,3,2,1,1,-4,0,1,59.11,82.41,67.56,0
2020-05-14,42595,4477,28475,183260,NA,NA,NA,NA,NA,NA,126190788,3,3,2,3,-1,2,2,3,2,1,1,-4,0,1,59.11,82.41,67.56,0
2020-05-15,45032,4767,30451,191234,NA,NA,NA,NA,NA,NA,126190788,3,3,2,3,-1,2,2,3,2,1,1,-4,0,1,59.11,82.41,67.56,0
2020-05-16,47144,5045,31848,195556,NA,NA,NA,NA,NA,NA,126190788,3,3,2,3,-1,2,2,3,2,1,1,-4,0,1,59.11,82.41,67.56,0
2020-05-17,49219,5177,33329,198558,NA,NA,NA,NA,NA,NA,126190788,3,3,2,3,-1,2,2,3,2,1,1,-4,0,1,59.11,82.41,67.56,0
2020-05-18,51633,5332,35388,207221,NA,NA,NA,NA,NA,NA,126190788,3,3,2,3,-1,2,2,3,2,1,1,-4,0,1,59.11,82.41,67.56,0
2020-05-19,54346,5666,37325,215075,NA,NA,NA,NA,NA,NA,126190788,3,3,2,3,-1,2,2,3,2,1,1,-4,0,1,59.11,82.41,67.56,0
2020-05-20,56594,6090,38419,223553,NA,NA,NA,NA,NA,NA,126190788,3,3,2,3,-1,2,2,3,2,1,1,-4,0,1,59.11,82.41,67.56,0
2020-05-21,59567,6510,40152,231945,NA,NA,NA,NA,NA,NA,126190788,3,3,2,3,-1,2,2,3,2,1,1,-4,0,1,59.11,82.41,67.56,0
2020-05-22,62527,6989,42191,240668,NA,NA,NA,NA,NA,NA,126190788,3,3,2,3,-1,2,2,3,2,1,1,-4,0,1,59.11,82.41,67.56,0
2020-05-23,65856,7179,44424,245256,NA,NA,NA,NA,NA,NA,126190788,3,3,2,3,-1,2,2,3,2,1,1,-4,0,1,59.11,82.41,67.56,0
2020-05-24,68620,7394,46979,248981,NA,NA,NA,NA,NA,NA,126190788,3,3,2,3,-1,2,2,3,2,1,1,-4,0,1,59.11,82.41,67.56,0
2020-05-25,71105,7633,49452,258640,NA,NA,NA,NA,NA,NA,126190788,3,3,2,3,-1,2,2,3,2,1,1,-4,0,1,59.11,82.41,67.56,0
2020-05-26,74560,8134,51708,267857,NA,NA,NA,NA,NA,NA,126190788,3,3,2,3,-1,2,2,3,2,1,1,-4,0,1,59.11,82.41,67.56,0
2020-05-27,78023,8597,53834,277354,NA,NA,NA,NA,NA,NA,126190788,3,3,2,3,-1,2,2,3,2,1,1,-4,0,1,59.11,82.41,67.56,0
2020-05-28,81400,9044,56041,286392,NA,NA,NA,NA,NA,NA,126190788,3,3,2,3,-1,2,2,3,2,1,1,-4,0,1,59.11,82.41,67.56,0
2020-05-29,84627,9415,59003,295782,NA,NA,NA,NA,NA,NA,126190788,3,3,2,3,-1,2,2,3,2,1,1,-4,0,1,59.11,82.41,67.56,0
2020-05-30,87512,9779,61247,301177,NA,NA,NA,NA,NA,NA,126190788,3,3,2,3,-1,2,2,3,2,1,1,-4,0,1,59.11,82.41,67.56,0
2020-05-31,90664,9930,63772,305131,NA,NA,NA,NA,NA,NA,126190788,3,3,2,3,-1,2,2,3,2,1,1,-4,0,1,59.11,82.41,67.56,0
2020-06-01,93435,10167,66965,315830,NA,NA,NA,NA,NA,NA,126190788,3,2,2,-3,-1,-2,-2,3,2,1,1,-4,0,1,53.65,72.69,61.31,0
2020-06-02,97326,10637,69749,325785,NA,NA,NA,NA,NA,NA,126190788,3,2,2,-3,-1,-2,-2,3,2,1,1,-4,0,1,53.65,72.69,61.31,0
2020-06-03,101238,11729,72680,336242,NA,NA,NA,NA,NA,NA,126190788,3,2,2,-3,-1,-2,-2,3,2,1,1,-4,0,1,53.65,72.69,61.31,0
2020-06-04,105680,12545,74758,346531,NA,NA,NA,NA,NA,NA,126190788,3,2,2,-3,-1,-2,-2,3,2,1,1,-4,0,1,53.65,72.69,61.31,0
2020-06-05,110026,13170,77841,357300,NA,NA,NA,NA,NA,NA,126190788,3,2,2,-3,-1,-2,-2,3,2,1,1,-4,0,1,53.65,72.69,61.31,0
2020-06-06,113619,13511,80830,363063,NA,NA,NA,NA,NA,NA,126190788,3,2,2,-3,-1,-2,-2,3,2,1,1,-4,0,1,53.65,72.69,61.31,0
2020-06-07,117103,13699,83775,367355,NA,NA,NA,NA,NA,NA,126190788,3,2,2,-3,-1,-2,-2,3,2,1,1,-4,0,1,53.65,72.69,61.31,0
2020-06-08,120102,14053,87633,379302,NA,NA,NA,NA,NA,NA,126190788,3,2,2,-3,-1,-2,-2,3,2,1,1,-4,0,1,53.65,72.69,61.31,0
2020-06-09,124301,14649,90748,391149,NA,NA,NA,NA,NA,NA,126190788,3,2,2,-3,-1,-2,-2,3,2,1,1,-4,0,1,53.65,72.69,61.31,0
2020-06-10,129184,15357,93930,403012,NA,NA,NA,NA,NA,NA,126190788,3,2,2,-3,-1,-2,-2,3,2,1,1,-4,0,1,53.65,72.69,61.31,0
2020-06-11,133974,15944,97198,414472,NA,NA,NA,NA,NA,NA,126190788,3,2,2,-3,-1,-2,-2,3,2,1,1,-4,0,1,53.65,72.69,61.31,0
2020-06-12,139196,16448,100876,426463,NA,NA,NA,NA,NA,NA,126190788,3,-2,2,-3,-1,-2,-2,3,2,1,1,-4,0,1,52.6,70.83,60.12,0
2020-06-13,142690,16872,104078,432314,NA,NA,NA,NA,NA,NA,126190788,3,-2,2,-3,-1,-2,-2,3,2,1,1,-4,0,1,52.6,70.83,60.12,0
2020-06-14,146837,17141,107298,437026,NA,NA,NA,NA,NA,NA,126190788,3,-2,2,-3,-1,-2,-2,3,2,1,1,-4,0,1,52.6,70.83,60.12,0
2020-06-15,150264,17580,112292,450391,NA,NA,NA,NA,NA,NA,126190788,3,-2,2,-3,-1,-2,-2,3,2,1,1,-4,0,1,52.6,70.83,60.12,0
2020-06-16,154863,18310,115394,463213,NA,NA,NA,NA,NA,NA,126190788,3,-2,2,-3,-1,-2,-2,3,2,1,1,-4,0,1,52.6,70.83,60.12,0
2020-06-17,159793,19080,118504,475456,NA,NA,NA,NA,NA,NA,126190788,3,-2,2,-3,-1,-2,-2,3,2,1,1,-4,0,1,52.6,70.83,60.12,0
2020-06-18,165455,19747,122180,487475,NA,NA,NA,NA,NA,NA,126190788,3,-2,2,-3,-1,-2,-2,3,2,1,1,-4,0,1,52.6,70.83,60.12,0
2020-06-19,170485,20394,126438,499468,NA,NA,NA,NA,NA,NA,126190788,3,-2,2,-3,-1,-2,-2,3,2,1,1,-4,0,1,52.6,70.83,60.12,0
2020-06-20,175202,20781,130854,505975,NA,NA,NA,NA,NA,NA,126190788,3,-2,2,-3,-1,-2,-2,3,2,1,1,-4,0,1,52.6,70.83,60.12,0
2020-06-21,180545,21825,134495,510237,NA,NA,NA,NA,NA,NA,126190788,3,-2,2,-3,-1,-2,-2,3,2,1,1,-4,0,1,52.6,70.83,60.12,0
2020-06-22,185122,22584,139383,522931,NA,NA,NA,NA,NA,NA,126190788,3,-2,2,-3,-1,-2,-2,3,2,1,1,-4,0,1,52.6,70.83,60.12,0
2020-06-23,191410,23377,143646,535884,NA,NA,NA,NA,NA,NA,126190788,3,-2,2,-3,-1,-2,-2,3,2,1,1,-4,0,1,52.6,70.83,60.12,0
2020-06-24,196847,24324,148487,548200,NA,NA,NA,NA,NA,NA,126190788,3,-2,2,-3,-1,-2,-2,3,2,1,1,-4,0,1,52.6,70.83,60.12,0
2020-06-25,202951,25060,152362,560924,NA,NA,NA,NA,NA,NA,126190788,3,-2,2,-3,-1,-2,-2,3,2,1,1,-4,0,1,52.6,70.83,60.12,0
2020-06-26,208392,25779,156827,574109,NA,NA,NA,NA,NA,NA,126190788,3,-2,2,-3,-1,-2,-2,3,2,1,1,-4,0,1,52.6,70.83,60.12,0
2020-06-27,212802,26381,160721,580982,NA,NA,NA,NA,NA,NA,126190788,3,-2,2,-3,-1,-2,-2,3,2,1,1,-4,0,1,52.6,70.83,60.12,0
2020-06-28,216852,26648,164646,586191,NA,NA,NA,NA,NA,NA,126190788,3,-2,2,-3,-1,-2,-2,3,2,1,1,-4,0,1,52.6,70.83,60.12,0
2020-06-29,220657,27121,170147,600976,NA,NA,NA,NA,NA,NA,126190788,3,-2,2,-3,-1,-2,-2,3,2,1,1,-4,0,1,52.6,70.83,60.12,0
2020-06-30,226089,27769,174538,615076,NA,NA,NA,NA,NA,NA,126190788,3,-2,2,-3,-1,-2,-2,3,2,1,1,-4,0,1,52.6,70.83,60.12,0
2020-07-01,231770,28510,178526,629975,NA,NA,NA,NA,NA,NA,126190788,3,-2,2,-3,-1,-2,-2,3,2,1,1,-4,0,1,52.6,70.83,60.12,0
2020-07-02,238511,29189,183757,643668,NA,NA,NA,NA,NA,NA,126190788,3,-2,2,-3,-1,-2,-2,3,2,1,1,-4,0,1,52.6,70.83,60.12,0
2020-07-03,245251,29843,189345,657764,NA,NA,NA,NA,NA,NA,126190788,3,-2,2,-3,-1,-2,-2,3,2,1,1,-4,0,1,52.6,70.83,60.12,0
2020-07-04,252165,30366,195724,664361,NA,NA,NA,NA,NA,NA,126190788,3,-2,2,-3,-1,-2,-2,3,2,1,1,-4,0,1,52.6,70.83,60.12,0
2020-07-05,256848,30639,199914,669673,NA,NA,NA,NA,NA,NA,126190788,3,-2,2,-3,-1,-2,-2,3,2,1,1,-4,0,1,52.6,70.83,60.12,0
2020-07-06,261750,31119,204826,685073,NA,NA,NA,NA,NA,NA,126190788,3,-2,2,-3,-1,-2,-2,3,2,1,1,-4,0,1,52.6,70.83,60.12,0
2020-07-07,268008,32014,209437,700404,NA,NA,NA,NA,NA,NA,126190788,3,-2,2,-3,-1,-2,-2,3,2,1,1,-4,0,1,52.6,70.83,60.12,0
2020-07-08,275003,32796,214316,715103,NA,NA,NA,NA,NA,NA,126190788,3,-2,2,-3,-1,-2,-2,3,2,1,1,-4,0,1,52.6,70.83,60.12,0
2020-07-09,282283,33526,219628,729053,NA,NA,NA,NA,NA,NA,126190788,3,-2,2,-3,-1,-2,-2,3,2,1,1,-4,0,1,52.6,70.83,60.12,0
2020-07-10,289174,34191,225356,743198,NA,NA,NA,NA,NA,NA,126190788,3,-2,2,-3,-1,-2,-2,3,2,1,1,-4,0,1,52.6,70.83,60.12,0
2020-07-11,295268,34730,229856,750178,NA,NA,NA,NA,NA,NA,126190788,3,-2,2,-3,-1,-2,-2,3,2,1,1,-4,0,1,52.6,70.83,60.12,0
2020-07-12,299750,35006,234905,755554,NA,NA,NA,NA,NA,NA,126190788,3,-2,2,-3,-1,-2,-2,3,2,1,1,-4,0,1,52.6,70.83,60.12,0
2020-07-13,304435,35491,240101,772123,NA,NA,NA,NA,NA,NA,126190788,3,-2,2,-3,-1,-2,-2,3,2,1,1,-4,0,1,52.6,70.83,60.12,0
2020-07-14,311486,36327,245830,787952,NA,NA,NA,NA,NA,NA,126190788,3,-2,2,-3,-1,-2,-2,3,2,1,1,-4,0,1,52.6,70.83,60.12,0
2020-07-15,317635,36906,252368,804909,NA,NA,NA,NA,NA,NA,126190788,3,-2,2,-3,-1,-2,-2,3,2,1,1,-4,0,1,52.6,70.83,60.12,0
2020-07-16,324041,37574,257681,821111,NA,NA,NA,NA,NA,NA,126190788,3,-2,2,-3,-1,-2,-2,3,2,1,1,-4,0,1,52.6,70.83,60.12,0
2020-07-17,331298,38310,264202,837405,NA,NA,NA,NA,NA,NA,126190788,3,-2,2,-3,-1,-2,-2,3,2,1,1,-4,0,1,52.6,70.83,60.12,0
2020-07-18,338913,38888,271239,845495,NA,NA,NA,NA,NA,NA,126190788,3,-2,2,-3,-1,-2,-2,3,2,1,1,-4,0,1,52.6,70.83,60.12,0
2020-07-19,344224,39184,254941,851035,NA,NA,NA,NA,NA,NA,126190788,3,-2,2,-3,-1,-2,-2,3,2,1,1,-4,0,1,52.6,70.83,60.12,0
2020-07-20,349396,39485,263091,868409,NA,NA,NA,NA,NA,NA,126190788,3,-2,2,-3,-1,-2,-2,3,2,1,1,-4,0,1,52.6,70.83,60.12,0
2020-07-21,356255,40400,267407,884974,NA,NA,NA,NA,NA,NA,126190788,3,-2,2,-3,-1,-2,-2,3,2,1,1,-4,0,1,52.6,70.83,60.12,0
2020-07-22,362274,41190,270147,901361,NA,NA,NA,NA,NA,NA,126190788,3,-2,2,-3,-1,-2,-2,3,2,1,1,-4,0,1,52.6,70.83,60.12,0
2020-07-23,370712,41908,275454,917169,NA,NA,NA,NA,NA,NA,126190788,3,-2,2,-3,-1,-2,-2,3,2,1,1,-4,0,1,52.6,70.83,60.12,0
2020-07-24,378285,42645,283382,932851,NA,NA,NA,NA,NA,NA,126190788,3,-2,2,-3,-1,-2,-2,3,2,1,1,-4,0,1,52.6,70.83,60.12,0
2020-07-25,385036,43374,288819,940340,NA,NA,NA,NA,NA,NA,126190788,3,-2,2,-3,-1,-2,-2,3,2,1,1,-4,0,1,52.6,70.83,60.12,0
2020-07-26,390516,43680,295222,945580,NA,NA,NA,NA,NA,NA,126190788,3,-2,2,-3,-1,-2,-2,3,2,1,1,-4,0,1,52.6,70.83,60.12,0
2020-07-27,395489,44022,303810,961707,NA,NA,NA,NA,NA,NA,126190788,3,-2,2,-3,-1,-2,-2,3,2,1,1,-4,0,1,52.6,70.83,60.12,0
2020-07-28,402697,44876,308142,977872,NA,NA,NA,NA,NA,NA,126190788,3,-2,2,-3,-1,-2,-2,3,2,1,1,-4,0,1,52.6,70.83,60.12,0
2020-07-29,408449,45361,314538,993170,NA,NA,NA,NA,NA,NA,126190788,3,-2,2,-3,-1,-2,-2,3,2,1,1,-4,0,1,52.6,70.83,60.12,0
2020-07-30,416179,46000,320100,1008436,NA,NA,NA,NA,NA,NA,126190788,3,-2,2,-3,-1,-2,-2,3,2,1,1,-4,0,1,52.6,70.83,60.12,0
2020-07-31,424637,46688,327115,1022733,NA,NA,NA,NA,NA,NA,126190788,3,-2,2,-3,-1,-2,-2,3,2,1,1,-4,0,1,52.6,70.83,60.12,0
2020-08-01,434193,47472,334867,1030109,NA,NA,NA,NA,NA,NA,126190788,3,-2,2,-3,-1,-2,-2,3,2,1,1,-4,0,1,52.6,70.83,60.12,0
2020-08-02,439046,47746,342527,1034665,NA,NA,NA,NA,NA,NA,126190788,3,-2,2,-3,-1,-2,-2,3,2,1,1,-4,0,1,52.6,70.83,60.12,0
2020-08-03,443813,48012,353442,1049566,NA,NA,NA,NA,NA,NA,126190788,3,-2,2,-3,-1,-2,-2,3,2,1,1,-4,0,1,52.6,70.83,60.12,0
2020-08-04,449961,48869,357444,1064931,NA,NA,NA,NA,NA,NA,126190788,3,-2,2,-3,-1,-2,-2,3,2,1,1,-4,0,1,52.6,70.83,60.12,0
2020-08-05,456100,49698,361764,1079942,NA,NA,NA,NA,NA,NA,126190788,3,-2,2,-3,-1,-2,-2,3,2,1,1,-4,0,1,52.6,70.83,60.12,0
2020-08-06,462690,50517,365311,1094214,NA,NA,NA,NA,NA,NA,126190788,3,-2,2,-3,-1,-2,-2,3,2,1,1,-4,0,1,52.6,70.83,60.12,0
2020-08-07,469407,51311,370098,1108597,NA,NA,NA,NA,NA,NA,126190788,3,-2,2,-3,-1,-2,-2,3,2,1,1,-4,0,1,52.6,70.83,60.12,0
2020-08-08,475902,52006,377125,1115551,NA,NA,NA,NA,NA,NA,126190788,3,-2,2,-3,-1,-2,-2,3,2,1,1,-4,0,1,52.6,70.83,60.12,0
2020-08-09,480278,52298,384432,1119938,NA,NA,NA,NA,NA,NA,126190788,3,-2,2,-3,-1,-2,-2,3,2,1,1,-4,0,1,52.6,70.83,60.12,0
2020-08-10,485836,53003,393160,1135241,NA,NA,NA,NA,NA,NA,126190788,3,-2,2,-3,-1,-2,-2,3,2,1,1,-4,0,1,52.6,70.83,60.12,0
2020-08-11,492522,53929,397278,1150250,NA,NA,NA,NA,NA,NA,126190788,3,-2,2,-3,-1,-2,-2,3,2,1,1,-4,0,1,52.6,70.83,60.12,0
2020-08-12,498380,54666,401182,1164696,NA,NA,NA,NA,NA,NA,126190788,3,-2,2,-3,-1,-2,-2,3,2,1,1,-4,0,1,52.6,70.83,60.12,0
2020-08-13,505751,55293,406583,1179128,NA,NA,NA,NA,NA,NA,126190788,3,-2,2,-3,-1,-2,-2,3,2,1,1,-4,0,1,52.6,70.83,60.12,0
2020-08-14,511369,55908,410479,1193284,NA,NA,NA,NA,NA,NA,126190788,3,-2,2,-3,-1,-2,-2,3,2,1,1,-4,0,1,52.6,70.83,60.12,0
2020-08-15,517714,56543,418164,1199906,NA,NA,NA,NA,NA,NA,126190788,3,-2,2,-3,-1,-2,-2,3,2,1,1,-4,0,1,52.6,70.83,60.12,0
2020-08-16,522162,56757,424298,1204246,NA,NA,NA,NA,NA,NA,126190788,3,-2,2,-3,-1,-2,-2,3,2,1,1,-4,0,1,52.6,70.83,60.12,0
2020-08-17,525733,57023,430840,1218966,NA,NA,NA,NA,NA,NA,126190788,3,-2,2,-3,-1,-2,-2,3,2,1,1,-4,0,1,52.6,70.83,60.12,0
2020-08-18,531239,57774,433809,1234028,NA,NA,NA,NA,NA,NA,126190788,3,-2,2,-3,-1,-2,-2,3,2,1,1,-4,0,1,52.6,70.83,60.12,0
2020-08-19,537031,58481,438375,1248397,NA,NA,NA,NA,NA,NA,126190788,3,-2,2,-3,-1,-2,-2,3,2,1,1,-4,0,1,52.6,70.83,60.12,0
2020-08-20,543806,59106,442782,1261588,NA,NA,NA,NA,NA,NA,126190788,3,-3,2,-3,-1,-2,-2,3,2,1,1,-4,0,1,54.69,74.54,62.5,0
2020-08-21,549734,59610,448344,1275934,NA,NA,NA,NA,NA,NA,126190788,3,-3,2,-3,-1,-2,-2,3,2,1,1,-4,0,1,54.69,74.54,62.5,0
2020-08-22,556216,60254,453104,1282610,NA,NA,NA,NA,NA,NA,126190788,3,-3,2,-3,-1,-2,-2,3,2,1,1,-4,0,1,54.69,74.54,62.5,0
2020-08-23,560164,60480,458123,1286917,NA,NA,NA,NA,NA,NA,126190788,3,-3,2,-3,-1,-2,-2,3,2,1,1,-4,0,1,54.69,74.54,62.5,0
2020-08-24,563705,60800,466209,1301884,NA,NA,NA,NA,NA,NA,126190788,3,-3,2,-3,-1,-2,-2,3,2,1,1,-4,0,1,54.69,74.54,62.5,0
2020-08-25,568621,61450,469206,1316901,NA,NA,NA,NA,NA,NA,126190788,3,-3,2,-3,-1,-2,-2,3,2,1,1,-4,0,1,54.69,74.54,62.5,0
2020-08-26,573888,62076,472197,1333501,NA,NA,NA,NA,NA,NA,126190788,3,-3,2,-3,-1,-2,-2,3,2,1,1,-4,0,1,54.69,74.54,62.5,0
2020-08-27,579914,62594,475532,1349491,NA,NA,NA,NA,NA,NA,126190788,3,-3,2,-3,-1,-2,-2,3,2,1,1,-4,0,1,54.69,74.54,62.5,0
2020-08-28,585738,63146,479770,1365213,NA,NA,NA,NA,NA,NA,126190788,3,-3,2,-3,-1,-2,-2,3,2,1,1,-4,0,1,54.69,74.54,62.5,0
2020-08-29,591712,63819,484283,1372827,NA,NA,NA,NA,NA,NA,126190788,3,-3,2,-3,-1,-2,-2,3,2,1,1,-4,0,1,54.69,74.54,62.5,0
2020-08-30,595841,64158,489724,1377231,NA,NA,NA,NA,NA,NA,126190788,3,-3,2,-3,-1,-2,-2,3,2,1,1,-4,0,1,54.69,74.54,62.5,0
2020-08-31,599560,64414,496222,1392698,NA,NA,NA,NA,NA,NA,126190788,3,-3,2,-3,-1,-2,-2,3,2,1,1,-4,0,1,54.69,74.54,62.5,0
2020-09-01,606036,65241,501722,1409138,NA,NA,NA,NA,NA,NA,126190788,3,-3,2,-3,-1,-2,-2,3,2,1,1,-4,0,1,54.69,74.54,62.5,0
2020-09-02,610957,65816,504541,1425521,NA,NA,NA,NA,NA,NA,126190788,3,-3,2,-3,-1,-2,-2,3,2,1,1,-4,0,1,54.69,74.54,62.5,0
2020-09-03,616894,66329,510626,1441245,NA,NA,NA,NA,NA,NA,126190788,3,-3,2,-3,-1,-2,-2,3,2,1,1,-4,0,1,54.69,74.54,62.5,0
2020-09-04,623090,66851,514663,1456687,NA,NA,NA,NA,NA,NA,126190788,3,-3,2,-3,-1,-2,-2,3,2,1,1,-4,0,1,54.69,74.54,62.5,0
2020-09-05,629409,67326,518844,1463433,NA,NA,NA,NA,NA,NA,126190788,3,-3,2,-3,-1,-2,-2,3,2,1,1,-4,0,1,54.69,74.54,62.5,0
2020-09-06,634023,67558,524669,1467596,NA,NA,NA,NA,NA,NA,126190788,3,-3,2,-3,-1,-2,-2,3,2,1,1,-4,0,1,54.69,74.54,62.5,0
2020-09-07,637509,67781,531334,1482819,NA,NA,NA,NA,NA,NA,126190788,3,-3,2,-3,-1,-2,-2,3,2,1,1,-4,0,1,54.69,74.54,62.5,0
2020-09-08,642860,68484,535141,1498852,NA,NA,NA,NA,NA,NA,126190788,3,-3,2,-3,-1,-2,-2,3,2,1,1,-4,0,1,54.69,74.54,62.5,0
2020-09-09,647321,69049,538514,1514283,NA,NA,NA,NA,NA,NA,126190788,3,-3,2,-3,-1,-2,-2,3,2,1,1,-4,0,1,54.69,74.54,62.5,0
2020-09-10,652364,69649,541804,1529368,NA,NA,NA,NA,NA,NA,126190788,3,-3,2,-3,-1,-2,-2,3,2,1,1,-4,0,1,54.69,74.54,62.5,0
2020-09-11,658299,70183,547088,1543767,NA,NA,NA,NA,NA,NA,126190788,3,-2,2,-3,-1,-1,-2,3,2,1,1,-4,0,1,50.52,67.13,57.74,0
2020-09-12,663973,70604,551113,1550210,NA,NA,NA,NA,NA,NA,126190788,3,-2,2,-3,-1,-1,-2,3,2,1,1,-4,0,1,50.52,67.13,57.74,0
2020-09-13,668381,70821,557381,1554175,NA,NA,NA,NA,NA,NA,126190788,3,-2,2,-3,-1,-1,-2,3,2,1,1,-4,0,1,50.52,67.13,57.74,0
2020-09-14,671716,71049,564053,1569295,NA,NA,NA,NA,NA,NA,126190788,3,-2,2,-3,-1,-1,-2,3,2,1,1,-4,0,1,50.52,67.13,57.74,0
2020-09-15,676487,71678,569546,1580677,NA,NA,NA,NA,NA,NA,126190788,3,-2,2,-3,-1,-1,-2,3,2,1,1,-4,0,1,50.52,67.13,57.74,0
2020-09-16,680931,71978,574203,1585306,NA,NA,NA,NA,NA,NA,126190788,3,-2,2,-3,-1,-1,-2,3,2,1,1,-4,0,1,50.52,67.13,57.74,0
2020-09-17,684113,72179,579145,1600721,NA,NA,NA,NA,NA,NA,126190788,3,-2,2,-3,-1,-1,-2,3,2,1,1,-4,0,1,50.52,67.13,57.74,0
2020-09-18,688954,72803,582109,1615395,NA,NA,NA,NA,NA,NA,126190788,3,-2,2,-3,1,2,-2,1,2,1,1,-4,0,1,52.08,69.91,59.52,0
2020-09-19,694121,73258,586154,1621728,NA,NA,NA,NA,NA,NA,126190788,3,-2,2,-3,1,2,-2,1,2,1,1,-4,0,1,52.08,69.91,59.52,0
2020-09-20,697663,73493,590459,1625626,NA,NA,NA,NA,NA,NA,126190788,3,-2,2,-3,1,2,-2,1,2,1,1,-4,0,1,52.08,69.91,59.52,0
2020-09-21,700580,73697,596317,1640459,NA,NA,NA,NA,NA,NA,126190788,3,-2,2,-3,1,2,-2,1,2,1,1,-4,0,1,52.08,69.91,59.52,0
2020-09-22,705263,74348,598953,1655845,NA,NA,NA,NA,NA,NA,126190788,3,-3,2,-3,1,2,-2,1,2,1,1,-4,0,1,54.17,73.61,61.9,0
2020-09-23,710049,74949,601611,1670600,NA,NA,NA,NA,NA,NA,126190788,3,-3,2,-3,1,2,-2,1,2,1,1,-4,0,1,54.17,73.61,61.9,0
2020-09-24,715457,75439,605796,1684490,NA,NA,NA,NA,NA,NA,126190788,3,-3,2,-3,1,2,-2,1,2,1,1,-4,0,1,54.17,73.61,61.9,0
2020-09-25,720858,75844,609041,1698502,NA,NA,NA,NA,NA,NA,126190788,3,-3,2,-3,1,2,-2,1,2,1,1,-4,0,1,54.17,73.61,61.9,0
2020-09-26,726431,76243,612361,1704785,NA,NA,NA,NA,NA,NA,126190788,3,-3,2,-3,1,2,-2,1,2,1,1,-4,0,1,54.17,73.61,61.9,0
2020-09-27,730317,76430,616696,1708640,NA,NA,NA,NA,NA,NA,126190788,3,-3,2,-3,1,2,-2,1,2,1,1,-4,0,1,54.17,73.61,61.9,0
2020-09-28,733717,76603,622398,1723945,NA,NA,NA,NA,NA,NA,126190788,3,-3,2,-3,1,2,-2,1,2,1,1,-4,0,1,54.17,73.61,61.9,0
2020-09-29,738163,77163,625512,1739282,NA,NA,NA,NA,NA,NA,126190788,3,-3,2,-3,1,2,-2,1,2,1,1,-4,0,1,54.17,73.61,61.9,0
2020-09-30,743216,77646,628007,1753848,NA,NA,NA,NA,NA,NA,126190788,3,-3,2,-3,1,2,-2,1,2,1,1,-4,0,1,54.17,73.61,61.9,0
2020-10-01,748315,78078,629630,1767596,NA,NA,NA,NA,NA,NA,126190788,3,-3,2,-3,1,2,-2,1,2,1,1,-4,0,1,54.17,73.61,61.9,0
2020-10-02,753090,78492,633806,1781009,NA,NA,NA,NA,NA,NA,126190788,3,-3,2,-3,1,2,-2,1,2,1,1,-4,0,1,54.17,73.61,61.9,0
2020-10-03,757953,78880,637993,1786809,NA,NA,NA,NA,NA,NA,126190788,3,-3,2,-3,1,2,-2,1,2,1,1,-4,0,1,54.17,73.61,61.9,0
2020-10-04,761665,79088,645123,1790545,NA,NA,NA,NA,NA,NA,126190788,3,-3,2,-3,1,2,-2,1,2,1,1,-4,0,1,54.17,73.61,61.9,0
2020-10-05,789780,81877,670034,1804201,NA,NA,NA,NA,NA,NA,126190788,3,-3,2,-3,1,2,-2,1,2,1,1,-4,0,1,54.17,73.61,61.9,0
2020-10-06,794608,82348,676923,1818996,NA,NA,NA,NA,NA,NA,126190788,3,-3,2,-3,1,2,-2,1,2,1,1,-4,0,1,54.17,73.61,61.9,0
2020-10-07,799188,82726,679693,1833459,NA,NA,NA,NA,NA,NA,126190788,3,-3,2,-3,1,2,-2,1,2,1,1,-4,0,1,54.17,73.61,61.9,0
2020-10-08,804488,83096,682604,1847225,NA,NA,NA,NA,NA,NA,126190788,3,-3,2,-3,1,2,-2,1,2,1,1,-4,0,1,54.17,73.61,61.9,0
2020-10-09,810020,83497,687123,1860835,NA,NA,NA,NA,NA,NA,126190788,3,-3,2,-3,1,-2,-2,1,2,1,1,-4,0,1,62.5,71.76,60.71,75
2020-10-10,814328,83642,689377,1867070,NA,NA,NA,NA,NA,NA,126190788,3,-3,2,-3,1,-2,-2,1,2,1,1,-4,0,1,62.5,71.76,60.71,75
2020-10-11,817503,83781,694214,1871395,NA,NA,NA,NA,NA,NA,126190788,3,-3,2,-3,1,-2,-2,1,2,1,1,-4,0,1,62.5,71.76,60.71,75
2020-10-12,821045,83945,700826,1886794,NA,NA,NA,NA,NA,NA,126190788,3,-3,2,-3,1,-2,-2,1,2,1,1,-4,0,1,62.5,71.76,60.71,75
2020-10-13,825340,84420,703457,1903572,NA,NA,NA,NA,NA,NA,126190788,3,-3,2,-3,1,-2,-2,1,2,1,1,-4,0,1,62.5,71.76,60.71,75
2020-10-14,829396,84898,703489,1919167,NA,NA,NA,NA,NA,NA,126190788,3,-3,2,-3,1,-2,-2,1,2,1,1,-4,0,1,62.5,71.76,60.71,75
2020-10-15,834910,85285,707631,1933896,NA,NA,NA,NA,NA,NA,126190788,3,-3,2,-3,1,-2,-2,1,2,1,1,-4,0,1,62.5,71.76,60.71,75
2020-10-16,841661,85704,712250,1949640,NA,NA,NA,NA,NA,NA,126190788,3,-3,2,-3,1,-2,-2,1,2,1,1,-4,0,1,62.5,71.76,60.71,75
2020-10-17,847108,86059,715848,1956635,NA,NA,NA,NA,NA,NA,126190788,3,-3,2,-3,1,-2,-2,1,2,1,1,-4,0,1,62.5,71.76,60.71,75
2020-10-18,851227,86167,720973,1961309,NA,NA,NA,NA,NA,NA,126190788,3,-3,2,-3,1,-2,-2,1,2,1,1,-4,0,1,62.5,71.76,60.71,75
2020-10-19,854926,86338,727759,1980038,NA,NA,NA,NA,NA,NA,126190788,3,-3,2,-3,1,-2,-2,1,2,1,1,-4,0,1,62.5,71.76,60.71,75
2020-10-20,860714,86893,730594,1999435,NA,NA,NA,NA,NA,NA,126190788,3,-3,2,-3,1,-2,-2,1,2,1,1,-4,0,1,62.5,71.76,60.71,75
2020-10-21,867559,87415,733897,2018037,NA,NA,NA,NA,NA,NA,126190788,3,-3,2,-3,1,-2,-2,1,2,1,1,-4,0,1,62.5,71.76,60.71,75
2020-10-22,874171,87415,737437,2036571,NA,NA,NA,NA,NA,NA,126190788,3,-3,2,-3,1,-2,-2,1,2,1,1,-4,0,1,62.5,71.76,60.71,75
2020-10-23,880775,88312,740934,2054607,NA,NA,NA,NA,NA,NA,126190788,3,-3,2,-3,1,-2,-2,1,2,1,1,-4,0,1,62.5,71.76,60.71,75
2020-10-24,886800,88743,746939,2062132,NA,NA,NA,NA,NA,NA,126190788,3,-3,2,-3,1,-2,-2,1,2,1,1,-4,0,1,62.5,71.76,60.71,75
2020-10-25,891160,88924,752691,2067128,NA,NA,NA,NA,NA,NA,126190788,3,-3,2,-3,1,-2,-2,1,2,1,1,-4,0,1,62.5,71.76,60.71,75
2020-10-26,895326,89171,760259,2087342,NA,NA,NA,NA,NA,NA,126190788,3,-3,2,-3,1,-2,-2,1,2,1,1,-4,0,1,62.5,71.76,60.71,75
2020-10-27,901268,89814,763105,2107586,NA,NA,NA,NA,NA,NA,126190788,3,-3,2,-3,1,-2,-2,1,2,1,1,-4,0,1,62.5,71.76,60.71,75
2020-10-28,906863,90309,765128,2126868,NA,NA,NA,NA,NA,NA,126190788,3,-3,2,-3,1,-2,-2,1,2,1,1,-4,0,1,62.5,71.76,60.71,75
2020-10-29,912811,90773,770007,2145245,NA,NA,NA,NA,NA,NA,126190788,3,-3,2,-3,1,-2,-2,1,2,1,1,-4,0,1,62.5,71.76,60.71,75
2020-10-30,918811,91289,774567,2161263,NA,NA,NA,NA,NA,NA,126190788,3,-3,2,-3,1,-2,-2,1,2,1,1,-4,0,1,62.5,71.76,60.71,75
2020-10-31,924962,91753,779371,2167902,NA,NA,NA,NA,NA,NA,126190788,3,-3,2,-3,1,-2,-2,1,2,1,1,-4,0,1,62.5,71.76,60.71,75
2020-11-01,929392,91895,786516,2172073,NA,NA,NA,NA,NA,NA,126190788,3,-3,2,-3,1,-2,-2,1,2,1,1,-4,0,1,62.5,71.76,60.71,75
2020-11-02,933155,92100,795356,2182250,NA,NA,NA,NA,NA,NA,126190788,3,-3,2,-3,1,-2,-2,1,2,1,1,-4,0,1,62.5,71.76,60.71,75
2020-11-03,938405,92593,803086,2201141,NA,NA,NA,NA,NA,NA,126190788,3,-3,2,-3,1,-2,-2,1,2,1,1,-4,0,1,62.5,71.76,60.71,75
2020-11-04,943630,93228,804887,2219394,NA,NA,NA,NA,NA,NA,126190788,3,-3,2,-3,1,-2,-2,1,2,1,1,-4,0,1,62.5,71.76,60.71,75
2020-11-05,949197,93772,809063,2237564,NA,NA,NA,NA,NA,NA,126190788,3,-3,2,-3,1,-2,-2,1,2,1,1,-4,0,1,62.5,71.76,60.71,75
2020-11-06,955128,94323,812556,2254292,NA,NA,NA,NA,NA,NA,126190788,3,-3,2,-3,1,-2,-2,1,2,1,1,-4,0,1,62.5,71.76,60.71,75
2020-11-07,961938,94808,816659,2261384,NA,NA,NA,NA,NA,NA,126190788,3,-3,2,-3,1,-2,-2,1,2,1,1,-4,0,1,62.5,71.76,60.71,75
2020-11-08,967825,95027,824355,2266099,NA,NA,NA,NA,NA,NA,126190788,3,-3,2,-3,1,-2,-2,1,2,1,1,-4,0,1,62.5,71.76,60.71,75
2020-11-09,972785,95225,NA,2286226,NA,NA,NA,NA,NA,NA,126190788,3,-3,2,-3,1,-2,-2,1,2,1,1,-4,0,1,62.5,71.76,60.71,75
2020-11-10,978531,95842,NA,2305973,NA,NA,NA,NA,NA,NA,126190788,3,-3,2,-3,1,-2,-2,1,2,1,1,-4,0,1,62.5,71.76,60.71,75
2020-11-11,986177,96430,NA,2324836,NA,NA,NA,NA,NA,NA,126190788,3,-3,2,-3,1,-2,-2,1,2,1,1,-4,0,1,62.5,71.76,60.71,75
2020-11-12,991835,97056,736197,2343152,NA,NA,NA,NA,NA,NA,126190788,3,-3,2,-3,1,-2,-2,1,2,1,1,-4,0,1,62.5,71.76,60.71,75
2020-11-13,997393,97624,741340,2360879,NA,NA,NA,NA,NA,NA,126190788,3,-3,2,-3,1,-2,-2,1,2,1,1,-4,0,1,62.5,71.76,60.71,75
2020-11-14,1003253,98259,745361,2368880,NA,NA,NA,NA,NA,NA,126190788,3,-3,2,-3,1,-2,-2,1,2,1,1,-4,0,1,62.5,71.76,60.71,75
2020-11-15,1006522,98542,750190,2373728,NA,NA,NA,NA,NA,NA,126190788,3,-3,2,-3,1,-2,-2,1,2,1,1,-4,0,1,62.5,71.76,60.71,75
2020-11-16,1009396,98861,754200,2379749,NA,NA,NA,NA,NA,NA,126190788,3,-3,2,-3,1,-2,-2,1,2,1,1,-4,0,1,62.5,71.76,60.71,75
2020-11-17,1011153,99026,757951,2400823,NA,NA,NA,NA,NA,NA,126190788,3,-3,2,-3,1,-2,-2,1,2,1,1,-4,0,1,62.5,71.76,60.71,75
2020-11-18,1015071,99528,762025,2419883,NA,NA,NA,NA,NA,NA,126190788,3,-3,2,-3,1,-2,-2,1,2,1,1,-4,0,1,62.5,71.76,60.71,75
2020-11-19,1019543,100104,766361,2437482,NA,NA,NA,NA,NA,NA,126190788,3,-3,2,-3,1,-2,-2,1,2,1,1,-4,0,1,62.5,71.76,60.71,75
2020-11-20,1025969,100823,770728,2456744,NA,NA,NA,NA,NA,NA,126190788,3,-3,2,-3,1,-2,-2,1,2,1,1,-4,0,1,62.5,71.76,60.71,75
2020-11-21,1032688,101373,NA,2466296,NA,NA,NA,NA,NA,NA,126190788,3,-3,2,-3,1,-2,-2,1,2,1,1,-4,0,1,62.5,71.76,60.71,75
2020-11-22,1041875,101676,779104,2471534,NA,NA,NA,NA,NA,NA,126190788,3,-3,2,-3,1,-2,-2,1,2,1,1,-4,0,1,62.5,71.76,60.71,75
2020-11-23,1049358,101926,784693,2494215,NA,NA,NA,NA,NA,NA,126190788,3,-3,2,-3,1,-2,-2,1,2,1,1,-4,0,1,62.5,71.76,60.71,75
2020-11-24,1060152,102739,791516,2518509,NA,NA,NA,NA,NA,NA,126190788,3,-3,2,-3,1,-2,-2,1,2,1,1,-4,0,1,62.5,71.76,60.71,75
2020-11-25,1070487,103597,798037,2541747,NA,NA,NA,NA,NA,NA,126190788,3,-3,2,-3,1,-2,-2,1,2,1,1,-4,0,1,62.5,71.76,60.71,75
2020-11-26,1078594,104242,803581,2565057,NA,NA,NA,NA,NA,NA,126190788,3,-3,2,-3,1,-2,-2,1,2,1,1,-4,0,1,62.5,71.76,60.71,75
2020-11-27,1090675,104873,808618,2588282,NA,NA,NA,NA,NA,NA,126190788,3,-3,2,-3,1,-2,-2,1,2,1,1,-4,0,1,62.5,71.76,60.71,75
2020-11-28,1101403,105459,813254,2599351,NA,NA,NA,NA,NA,NA,126190788,3,-3,2,-3,1,-2,-2,1,2,1,1,-4,0,1,62.5,71.76,60.71,75
2020-11-29,1107071,105655,818397,2605197,NA,NA,NA,NA,NA,NA,126190788,3,-3,2,-3,1,-2,-2,1,2,1,1,-4,0,1,62.5,71.76,60.71,75
2020-11-30,1113543,105940,823586,2631710,NA,NA,NA,NA,NA,NA,126190788,3,-3,2,-3,1,-2,-2,1,2,1,1,-4,0,1,62.5,71.76,60.71,75
2020-12-01,1122362,106765,829817,2660488,NA,NA,NA,NA,NA,NA,126190788,3,-3,2,-3,1,-2,-2,1,2,1,1,-4,0,1,62.5,71.76,60.71,75
2020-12-02,1133613,107565,836567,2689809,NA,NA,NA,NA,NA,NA,126190788,3,-3,2,-3,1,-2,-2,1,2,1,1,-4,0,1,62.5,71.76,60.71,75
2020-12-03,1144643,108173,843231,2719802,NA,NA,NA,NA,NA,NA,126190788,3,-3,2,-3,1,-2,-2,1,2,1,1,-4,0,1,62.5,71.76,60.71,75
2020-12-04,1156770,108863,852719,2749493,NA,NA,NA,NA,NA,NA,126190788,3,-3,2,-3,1,-2,-2,1,2,1,1,-4,0,1,62.5,71.76,60.71,75
2020-12-05,1168395,109456,859643,2764812,NA,NA,NA,NA,NA,NA,126190788,3,-3,2,-3,1,-2,-2,1,2,1,1,-4,0,1,62.5,71.76,60.71,75
2020-12-06,1175850,109717,866186,2770772,NA,NA,NA,NA,NA,NA,126190788,3,-3,2,-3,1,-2,-2,1,2,1,1,-4,0,1,62.5,71.76,60.71,75
2020-12-07,1182249,110074,873555,2803231,NA,NA,NA,NA,NA,NA,126190788,3,-3,2,-3,1,-2,-2,1,2,1,1,-4,0,1,62.5,71.76,60.71,75
2020-12-08,1193255,110874,881050,2834984,NA,NA,NA,NA,NA,NA,126190788,3,-3,2,-3,1,-2,-2,1,2,1,1,-4,0,1,62.5,71.76,60.71,75
2020-12-09,1205229,111655,889168,2867095,NA,NA,NA,NA,NA,NA,126190788,3,-3,2,-3,1,-2,-2,1,2,1,1,-4,0,1,62.5,71.76,60.71,75
2020-12-10,1217126,112326,896130,2900837,NA,NA,NA,NA,NA,NA,126190788,3,-3,2,-3,1,-2,-2,1,2,1,1,-4,0,1,62.5,71.76,60.71,75
2020-12-11,1229379,113019,904042,2933594,NA,NA,NA,NA,NA,NA,126190788,3,-3,2,-3,1,-2,-2,1,2,1,1,-4,0,1,62.5,71.76,60.71,75
2020-12-12,1241436,113704,911965,2949389,NA,NA,NA,NA,NA,NA,126190788,3,-3,2,-3,1,-2,-2,1,2,1,1,-4,0,1,62.5,71.76,60.71,75
2020-12-13,1250044,113953,918681,2955901,NA,NA,NA,NA,NA,NA,126190788,3,-3,2,-3,1,-2,-2,1,2,1,1,-4,0,1,62.5,71.76,60.71,75
2020-12-14,1255974,114298,927754,2990704,NA,NA,NA,NA,NA,NA,126190788,3,-3,2,-3,1,-2,-2,1,2,1,1,-4,0,1,62.5,71.76,60.71,75
2020-12-15,1267202,115099,938089,3024621,NA,NA,NA,NA,NA,NA,126190788,3,-3,2,-3,1,-2,-2,1,2,1,1,-4,0,1,62.5,71.76,60.71,75
2020-12-16,1277499,115769,945673,3057847,NA,NA,NA,NA,NA,NA,126190788,3,-3,2,-3,1,-2,-2,1,2,1,1,-4,0,1,62.5,71.76,60.71,75
2020-12-17,1289298,116487,953762,3090573,NA,NA,NA,NA,NA,NA,126190788,3,-3,2,-3,1,-2,-2,1,2,1,1,-4,0,1,62.5,71.76,60.71,75
2020-12-18,1301546,117249,962397,3124220,NA,NA,NA,NA,NA,NA,126190788,3,-3,2,-3,1,-2,-2,1,2,1,1,-4,0,1,62.5,71.76,60.71,75
2020-12-19,1313675,117876,971115,3141666,NA,NA,NA,NA,NA,NA,126190788,3,-3,2,-3,1,-2,-2,1,2,1,1,-4,0,1,62.5,71.76,60.71,75
2020-12-20,1320545,118202,978002,3148616,NA,NA,NA,NA,NA,NA,126190788,3,-3,2,-3,1,-2,-2,1,2,1,1,-4,0,1,62.5,71.76,60.71,75
2020-12-21,1325915,118598,987328,3186014,NA,NA,NA,NA,NA,NA,126190788,3,-3,2,-3,1,-2,-2,1,2,1,1,-4,0,1,62.5,71.76,60.71,75
2020-12-22,1338426,119495,996302,3221996,NA,NA,NA,NA,NA,NA,126190788,3,-3,2,-3,1,-2,-2,1,2,1,1,-4,0,1,62.5,71.76,60.71,75
2020-12-23,1350079,120311,1005248,3257015,NA,NA,NA,NA,NA,NA,126190788,3,-3,2,-3,1,-2,-2,1,2,1,1,-4,0,1,62.5,71.76,60.71,75
2020-12-24,1362564,121172,1015256,3283892,2924,2924,NA,NA,NA,NA,126190788,3,-3,2,-3,1,-2,-2,1,2,1,1,-4,1,1,63.75,71.76,62.14,75
2020-12-25,1372243,121837,1023916,3288635,NA,NA,NA,NA,NA,NA,126190788,3,-3,2,-3,1,-2,-2,1,2,1,1,-4,1,1,63.75,71.76,62.14,75
2020-12-26,1377217,122026,1031864,3301306,NA,NA,NA,NA,NA,NA,126190788,3,-3,2,-3,1,-2,-2,1,2,1,1,-4,1,1,63.75,71.76,62.14,75
2020-12-27,1383434,122426,1038766,3309084,6824,6824,NA,NA,NA,NA,126190788,3,-3,2,-3,1,-2,-2,1,2,1,1,-4,1,1,63.75,71.76,62.14,75
2020-12-28,1389430,122855,1048539,3349675,9579,9579,NA,NA,NA,NA,126190788,3,-3,2,-3,1,-2,-2,1,2,1,1,-4,1,1,63.75,71.76,62.14,75
2020-12-29,1401529,123845,1058429,3390362,18529,18529,NA,NA,NA,NA,126190788,3,-3,2,-3,1,-2,-2,1,2,1,1,-4,1,1,63.75,71.76,62.14,75
2020-12-30,1413935,124897,1066771,3429473,24998,24998,NA,NA,NA,NA,126190788,3,-3,2,-3,1,-2,-2,1,2,1,1,-4,1,1,63.75,71.76,62.14,75
2020-12-31,1426094,125807,1074795,3460436,NA,NA,NA,NA,NA,NA,126190788,3,-3,2,-3,1,-2,-2,1,2,1,1,-4,1,1,63.75,71.76,62.14,75
2021-01-01,1437185,126507,1083768,3466338,NA,NA,NA,NA,NA,NA,126190788,3,-3,2,-3,1,-2,-2,1,2,1,1,-4,1,1,63.75,71.76,62.14,75
2021-01-02,1443544,126851,1090905,3481236,NA,NA,NA,NA,NA,NA,126190788,3,-3,2,-3,1,-2,-2,1,2,1,1,-4,1,1,63.75,71.76,62.14,75
2021-01-03,1448755,127213,1098431,3490666,NA,NA,NA,NA,NA,NA,126190788,3,-3,2,-3,1,-2,-2,1,2,1,1,-4,1,1,63.75,71.76,62.14,75
2021-01-04,1455219,127757,1105834,3533709,43960,43960,NA,NA,NA,NA,126190788,3,-3,2,-3,1,-2,-2,1,2,1,2,-4,1,1,66.88,71.76,65.71,75
2021-01-05,1466490,128822,1113137,3577783,48236,48236,NA,NA,NA,NA,126190788,3,-3,2,-3,1,-2,-2,1,2,1,2,-4,1,1,66.88,71.76,65.71,75
2021-01-06,1479835,129987,1119968,3621208,53185,53185,NA,NA,NA,NA,126190788,3,-3,2,-3,1,-2,-2,1,2,1,2,-4,1,1,66.88,71.76,65.71,75
2021-01-07,1493569,131031,1127471,3666337,58402,58402,NA,NA,NA,NA,126190788,3,-3,2,-3,1,-2,-2,1,2,1,2,-4,1,1,66.88,71.76,65.71,75
2021-01-08,1507931,132069,1134877,3710353,67468,67468,NA,NA,NA,NA,126190788,3,-3,2,-3,1,-2,-2,1,2,1,2,-4,1,1,66.88,71.76,65.71,75
2021-01-09,1524036,133204,1143254,3732782,74794,74794,NA,NA,NA,NA,126190788,3,-3,2,-3,1,-2,-2,1,2,1,2,-4,1,1,66.88,71.76,65.71,75
2021-01-10,1534039,133706,1150422,3742913,81300,81300,NA,NA,NA,NA,126190788,3,-3,2,-3,1,-2,-2,1,2,1,2,-4,1,1,66.88,71.76,65.71,75
2021-01-11,1541633,134368,1160373,3791678,87060,87060,NA,NA,NA,NA,126190788,3,-3,2,-3,1,-2,-2,1,2,1,2,-4,1,1,66.88,71.76,65.71,75
2021-01-12,1556028,135682,1168354,3838404,92879,92879,NA,NA,NA,NA,126190788,3,-3,2,-3,1,-2,-2,1,2,1,2,-4,1,1,66.88,71.76,65.71,75
2021-01-13,1571901,136917,1176658,3884232,192567,192567,NA,NA,NA,NA,126190788,3,-3,2,-3,1,-2,-2,1,2,1,2,-4,1,1,66.88,71.76,65.71,75
2021-01-14,1588369,137916,1185621,3930799,329983,329983,NA,NA,NA,NA,126190788,3,-3,2,-3,1,-2,-2,1,2,1,2,-4,1,1,66.88,71.76,65.71,75
2021-01-15,1609735,139022,1199810,3975680,417375,415417,1958,NA,NA,NA,126190788,3,-3,2,-3,1,-2,-2,1,2,1,2,-4,1,1,66.88,71.76,65.71,75
2021-01-16,1630258,140241,1212403,3999149,463246,461025,2221,NA,NA,NA,126190788,3,-3,2,-3,1,-2,-2,1,2,1,2,-4,1,1,66.88,71.76,65.71,75
2021-01-17,1641428,140704,1223108,4008951,472142,468708,3434,NA,NA,NA,126190788,3,-3,2,-3,1,-2,-2,1,2,1,2,-4,1,1,66.88,71.76,65.71,75
2021-01-18,1649502,141248,1237321,4057968,492529,485983,6546,NA,NA,NA,126190788,3,-3,2,-3,1,-2,-2,1,2,1,2,-4,1,1,66.88,71.76,65.71,75
2021-01-19,1668396,142832,1251782,4107030,498122,488513,9609,NA,NA,NA,126190788,3,-3,2,-3,1,-2,-2,1,2,1,2,-4,1,1,66.88,71.76,65.71,75
2021-01-20,1688944,144371,1264780,4153514,501030,489628,11402,NA,NA,NA,126190788,3,-3,2,-3,1,-2,-2,1,2,1,2,-4,1,1,66.88,71.76,65.71,75
2021-01-21,1711283,146174,NA,4199174,552335,534317,18018,NA,NA,NA,126190788,3,-3,2,-3,1,-2,-2,1,2,1,2,-4,1,1,66.88,71.76,65.71,75
2021-01-22,1732290,147614,1291940,4245642,614808,594725,20083,NA,NA,NA,126190788,3,-3,2,-3,1,-2,-2,1,2,1,2,-4,1,1,66.88,71.76,65.71,75
2021-01-23,1752347,149084,1306138,4269551,618768,596296,22472,NA,NA,NA,126190788,3,-3,2,-3,1,-2,-2,1,2,1,2,-4,1,1,66.88,71.76,65.71,75
2021-01-24,1763219,149614,1320448,4279090,629626,604441,25185,NA,NA,NA,126190788,3,-3,2,-3,1,-2,-2,1,2,1,2,-4,1,1,66.88,71.76,65.71,75
2021-01-25,1771740,150273,1335876,4327268,645105,616390,28715,NA,NA,NA,126190788,3,-3,2,-3,1,-2,-2,1,2,1,2,-4,1,1,66.88,71.76,65.71,75
2021-01-26,1788905,152016,1348660,4374808,652319,621005,31314,NA,NA,NA,126190788,3,-3,2,-3,1,-2,-2,1,2,1,2,-4,1,1,66.88,71.76,65.71,75
2021-01-27,1806849,153639,1362525,4421211,656044,624730,31314,NA,NA,NA,126190788,3,-3,2,-3,1,-2,-2,1,2,1,2,-4,1,1,66.88,71.76,65.71,75
2021-01-28,1825519,155145,1376073,4465174,657842,626528,31314,NA,NA,NA,126190788,3,-3,2,-3,1,-2,-2,1,2,1,2,-4,1,1,66.88,71.76,65.71,75
2021-01-29,1841893,156579,1390906,4505690,662217,630820,31397,NA,NA,NA,126190788,3,-3,2,-3,1,-2,-2,1,2,1,2,-4,1,1,66.88,71.76,65.71,75
2021-01-30,1857230,158074,1403064,4526751,670307,631298,39009,NA,NA,NA,126190788,3,-3,2,-3,1,-2,-2,1,2,1,2,-4,1,1,66.88,71.76,65.71,75
2021-01-31,1864260,158536,1412393,4534205,673327,631485,41842,NA,NA,NA,126190788,3,-3,2,-3,1,-2,-2,1,2,1,2,-4,1,1,66.88,71.76,65.71,75
2021-02-01,1869708,159100,1425748,4545613,675202,631747,43455,NA,NA,NA,126190788,3,-3,2,-3,1,-2,-2,1,2,1,2,-4,1,1,66.88,71.76,65.71,75
2021-02-02,1874092,159533,1436482,4586257,677539,631791,45748,NA,NA,NA,126190788,3,-3,2,-3,1,-2,-2,1,2,1,2,-4,1,1,66.88,71.76,65.71,75
2021-02-03,1886245,161240,1450237,4623789,686601,632439,54162,NA,NA,NA,126190788,3,-3,2,-3,1,-2,-2,1,2,1,2,-4,1,1,66.88,71.76,65.71,75
2021-02-04,1886245,161240,NA,4660116,695088,634346,60742,NA,NA,NA,126190788,3,-3,2,-3,1,-2,-2,1,2,1,2,-4,1,1,66.88,71.76,65.71,75
2021-02-05,1912871,164290,1472151,4695482,700316,636070,64246,NA,NA,NA,126190788,3,-3,2,-3,1,-2,-2,1,2,1,2,-4,1,1,66.88,71.76,65.71,75
2021-02-06,1926080,165786,1482138,4712549,710198,637098,73100,NA,NA,NA,126190788,3,-3,2,-3,1,-2,-2,1,2,1,2,-4,1,1,66.88,71.76,65.71,75
2021-02-07,1932145,166200,1490077,4718767,713517,637681,75836,NA,NA,NA,126190788,3,-3,2,-3,1,-2,-2,1,2,1,2,-4,1,1,66.88,71.76,65.71,75
2021-02-08,1936013,166731,1501580,4755851,717820,638391,79429,NA,NA,NA,126190788,3,-3,2,-3,1,-2,-2,1,2,1,2,-4,1,1,66.88,71.76,65.71,75
2021-02-09,1946751,168432,1511199,4789485,NA,NA,NA,NA,NA,NA,126190788,3,-3,2,-3,-1,-2,-2,1,2,1,2,-4,1,1,59.06,68.98,63.93,25
2021-02-10,1957889,169760,1519572,4821244,724707,640115,84592,NA,NA,NA,126190788,3,-3,2,-3,-1,-2,-2,1,2,1,2,-4,1,1,59.06,68.98,63.93,25
2021-02-11,1968566,171234,1528304,4851379,725447,640115,85332,NA,NA,NA,126190788,3,-3,2,-3,-1,-2,-2,1,2,1,2,-4,1,1,59.06,68.98,63.93,25
2021-02-12,1978954,172557,1535786,4882292,726002,640115,85887,NA,NA,NA,126190788,3,-3,2,-3,-1,-2,-2,1,2,1,2,-4,1,1,59.06,68.98,63.93,25
2021-02-13,1988695,173771,1542991,4896214,726313,640125,86188,NA,NA,NA,126190788,3,-3,2,-3,-1,-2,-2,1,2,1,2,-4,1,1,59.06,68.98,63.93,25
2021-02-14,1992794,174207,1548174,4901433,NA,NA,NA,NA,NA,NA,126190788,3,-3,2,-3,-1,-2,-2,1,2,1,2,-4,1,1,59.06,68.98,63.93,25
2021-02-15,1995892,174657,1555923,4931494,749682,663484,86198,NA,NA,NA,126190788,-3,-3,-2,-3,-1,-2,-2,1,2,1,2,-4,2,1,57.71,64.35,62.38,25
2021-02-16,2004575,175986,1563992,4959654,915383,829185,86198,NA,NA,NA,126190788,-3,-3,-2,-3,-1,-2,-2,1,2,1,2,-4,2,1,57.71,64.35,62.38,25
2021-02-17,2013563,177061,1571071,4986248,1058139,958473,99666,NA,NA,NA,126190788,-3,-3,-2,-3,-1,-2,-2,1,2,1,2,-4,2,1,57.71,64.35,62.38,25
2021-02-18,2022662,178108,1577838,5013218,1318055,NA,NA,NA,NA,NA,126190788,-3,-3,-2,-3,-1,-2,-2,1,2,1,2,-4,2,1,57.71,64.35,62.38,25
2021-02-19,2030491,178965,1584704,5040443,1574158,1155227,418931,NA,NA,NA,126190788,-3,-3,-2,-3,-1,-2,-2,1,2,1,2,-4,2,1,57.71,64.35,62.38,25
2021-02-20,2038276,179797,1590696,5052203,1656304,1210886,445418,NA,NA,NA,126190788,-3,-3,-2,-3,-1,-2,-2,1,2,1,2,-4,2,1,57.71,64.35,62.38,25
2021-02-21,2041380,180107,1595320,5057879,1689158,1236103,453055,NA,NA,NA,126190788,-3,-3,-2,-3,-1,-2,-2,1,2,1,2,-4,2,1,57.71,64.35,62.38,25
2021-02-22,2043632,180536,1602024,5089979,1733404,1277187,456217,NA,NA,NA,126190788,-3,-3,-2,-3,-1,-2,-2,1,2,1,2,-4,2,1,57.71,64.35,62.38,25
2021-02-23,2052266,181809,1607869,5119371,1801156,1336854,464302,NA,NA,NA,126190788,-3,-2,-2,-3,-1,-2,-2,1,2,1,2,-4,2,1,55.62,60.65,60,25
2021-02-24,2060908,182815,1614614,5147486,1900784,1425395,475389,NA,NA,NA,126190788,-3,-2,-2,-3,-1,-2,-2,1,2,1,2,-4,2,1,55.62,60.65,60,25
2021-02-25,2069370,183692,1620008,5175065,2088813,1562401,526412,NA,NA,NA,126190788,-3,-2,-2,-3,-1,-2,-2,1,2,1,2,-4,2,1,55.62,60.65,60,25
2021-02-26,2076882,184474,1625328,5203562,2271032,1708721,562311,NA,NA,NA,126190788,-3,-2,-2,-3,-1,-2,-2,1,2,1,2,-4,2,1,55.62,60.65,60,25
2021-02-27,2084128,185257,1630002,5215786,2383411,1818034,565377,NA,NA,NA,126190788,-3,-2,-2,-3,-1,-2,-2,1,2,1,2,-4,2,1,55.62,60.65,60,25
2021-02-28,2086938,185715,1633900,5221346,2455095,1889672,565423,NA,NA,NA,126190788,-3,-2,-2,-3,-1,-2,-2,1,2,1,2,-4,2,1,55.62,60.65,60,25
2021-03-01,2089281,186152,1639943,5252554,2526863,1959525,567338,NA,NA,NA,126190788,-3,-2,-2,-3,-1,-2,-2,1,2,1,2,-4,2,1,55.62,60.65,60,25
2021-03-02,2097194,187187,1645312,5280499,2583435,2012853,570582,NA,NA,NA,126190788,-3,-2,1,0,-1,-1,-2,1,2,1,2,4,2,1,48.85,47.22,52.26,25
2021-03-03,2104987,188044,1650230,5307335,2633580,2043941,589639,NA,NA,NA,126190788,-3,-2,1,0,-1,-1,-2,1,2,1,2,4,2,1,48.85,47.22,52.26,25
2021-03-04,2112508,188866,1655549,5332534,2676035,NA,NA,NA,NA,NA,126190788,-3,-2,1,0,-1,-1,-2,1,2,1,2,4,2,1,48.85,47.22,52.26,25
2021-03-05,2119305,189578,1660786,5358584,2731900,2128766,603134,NA,NA,NA,126190788,-3,-2,1,0,-1,-1,-2,1,2,1,2,4,2,1,48.85,47.22,52.26,25
2021-03-06,2125866,190357,1666658,5369727,2765805,2162358,603447,NA,NA,NA,126190788,-3,-2,1,0,-1,-1,-2,1,2,1,2,4,2,1,48.85,47.22,52.26,25
2021-03-07,2128600,190604,1670431,5375162,2793106,NA,NA,NA,NA,NA,126190788,-3,-2,1,0,-1,-1,-2,1,2,1,2,4,2,1,48.85,47.22,52.26,25
2021-03-08,2130477,190923,1675996,5402406,2849630,2245291,604339,NA,NA,NA,126190788,-3,-2,1,0,-1,-1,-2,1,2,1,2,4,2,1,48.85,47.22,52.26,25
2021-03-09,2137884,191789,1681336,5427329,3100868,2495067,605801,NA,NA,NA,126190788,-3,-2,1,0,-1,-1,-2,1,2,1,2,4,2,1,48.85,47.22,52.26,25
2021-03-10,2144486,192491,1685996,5451449,3488000,2882000,606000,NA,NA,NA,126190788,-3,-2,1,0,-1,-1,-2,1,2,1,2,4,2,1,48.85,47.22,52.26,25
2021-03-11,2150955,193152,1691093,5474963,3800000,NA,NA,NA,NA,NA,126190788,-3,-2,1,0,-1,-1,-2,1,2,1,2,4,2,1,48.85,47.22,52.26,25
2021-03-12,2157771,193851,1696739,5498725,4005131,3395671,609460,NA,NA,NA,126190788,-3,-2,1,0,-1,-1,-2,1,2,1,2,4,2,1,48.85,47.22,52.26,25
2021-03-13,2163875,194490,1701216,5509457,4214294,3604420,609874,NA,NA,NA,126190788,-3,-2,1,0,-1,-1,-2,1,2,1,2,4,2,1,48.85,47.22,52.26,25
2021-03-14,2166290,194710,1705743,5514515,4339926,3730045,609881,NA,NA,NA,126190788,-3,-2,1,0,-1,-1,-2,1,2,1,2,4,2,1,48.85,47.22,52.26,25
2021-03-15,2167729,194944,1711931,5521590,4404608,3794719,609889,NA,NA,NA,126190788,-3,-2,1,0,-1,-1,-2,1,2,1,2,4,2,1,48.85,47.22,52.26,25
2021-03-16,2169007,195119,1716135,5548227,4530784,NA,NA,NA,NA,NA,126190788,-3,-2,1,0,-1,-1,-2,1,2,1,2,4,2,1,48.85,47.22,52.26,25
2021-03-17,2175462,195908,1720430,5572025,4737622,4110741,626881,NA,NA,NA,126190788,-3,-2,1,0,-1,-1,-2,1,2,1,2,4,2,1,48.85,47.22,52.26,25
2021-03-18,2182188,196606,1724794,5595124,4947522,4300720,646802,NA,NA,NA,126190788,-3,-2,1,0,-1,-1,-2,1,2,1,2,4,2,1,48.85,47.22,52.26,25
2021-03-19,2187910,197219,1729269,5618052,5186751,NA,NA,NA,NA,NA,126190788,-3,-2,1,0,-1,-1,-2,1,2,1,2,4,2,1,48.85,47.22,52.26,25
2021-03-20,2193639,197827,1733089,5628064,5459014,4763347,695667,NA,NA,NA,126190788,-3,-2,1,0,-1,-1,-2,1,2,1,2,4,2,1,48.85,47.22,52.26,25
2021-03-21,2195772,198036,1736159,5633415,5612291,4895523,716768,NA,NA,NA,126190788,-3,-2,1,0,-1,-1,-2,1,2,1,2,4,2,1,48.85,47.22,52.26,25
2021-03-22,2197160,198239,1740254,5658420,5781359,5046896,734463,NA,NA,NA,126190788,-3,-2,1,0,-1,-1,-2,1,2,1,2,4,2,1,48.85,47.22,52.26,25
2021-03-23,2203041,199048,1744262,5682633,5926967,NA,NA,NA,NA,NA,126190788,-3,-2,1,0,-1,-1,-2,1,2,1,2,4,2,1,48.85,47.22,52.26,25
2021-03-24,2208755,199627,1748317,5705081,6119298,5351319,767979,NA,NA,NA,126190788,-3,-2,1,0,-1,-1,-2,1,2,1,2,4,2,1,48.85,47.22,52.26,25
2021-03-25,2214542,200211,1752125,5727675,6243886,5460096,783790,NA,NA,NA,126190788,-3,-2,1,0,-1,-1,-2,1,2,1,2,4,2,1,48.85,47.22,52.26,25
2021-03-26,2219845,200862,1755798,5748921,6487170,5675286,811884,NA,NA,NA,126190788,-3,-2,1,0,-1,-1,-2,1,2,1,2,4,2,1,48.85,47.22,52.26,25
2021-03-27,2224904,201429,1759123,5759272,6724789,5901505,823284,NA,NA,NA,126190788,-3,-2,1,0,-1,-1,-2,1,2,1,2,4,2,1,48.85,47.22,52.26,25
2021-03-28,2226550,201623,1761786,5764673,6852596,NA,NA,NA,NA,NA,126190788,-3,-2,1,0,-1,-1,-2,1,2,1,2,4,2,1,48.85,47.22,52.26,25
2021-03-29,2227843,201832,1765244,5788239,7018449,6167510,850939,NA,NA,NA,126190788,-3,-2,1,0,-1,-1,-2,1,2,1,2,4,2,1,48.85,47.22,52.26,25
2021-03-30,2232910,202633,1769256,5810816,7404912,NA,NA,NA,NA,NA,126190788,-3,-2,1,0,-1,-1,-2,1,2,1,2,4,2,1,48.85,47.22,52.26,25
2021-03-31,2238887,203210,1773236,5831282,7851053,6905214,945839,NA,NA,NA,126190788,-3,-2,1,0,-1,-1,-2,1,2,1,2,4,2,1,48.85,47.22,52.26,25
2021-04-01,2244268,203664,1777697,5840304,NA,NA,NA,NA,NA,NA,126190788,-3,-2,1,0,-1,-1,-2,1,2,1,2,4,2,1,48.85,47.22,52.26,25
2021-04-02,2247357,203854,1781629,5847379,8644446,7586131,1058315,NA,NA,NA,126190788,-3,-2,1,0,-1,-1,-2,1,2,1,2,4,2,1,48.85,47.22,52.26,25
2021-04-03,2249195,204011,1785643,5852815,8987190,7903660,1083530,NA,NA,NA,126190788,-3,-2,1,0,-1,-1,-2,1,2,1,2,4,2,1,48.85,47.22,52.26,25
2021-04-04,2250458,204147,1788209,5857970,9036000,7924236,1111764,NA,NA,NA,126190788,-3,-2,1,0,-1,-1,-2,1,2,1,2,4,2,1,48.85,47.22,52.26,25
2021-04-05,2251705,204399,1791894,5882455,9287405,8113230,1174175,NA,NA,NA,126190788,-3,-2,1,0,-1,-1,-2,1,2,1,2,4,2,1,48.85,47.22,52.26,25
2021-04-06,2256509,204985,1795213,5904895,9675517,8372272,1303245,NA,NA,NA,126190788,-3,-2,1,0,-1,-1,-2,1,2,1,2,4,2,1,48.85,47.22,52.26,25
2021-04-07,2261879,205598,1798657,5927173,10089420,8617038,1472382,NA,NA,NA,126190788,-3,-2,1,0,-1,-1,-2,1,2,1,2,4,2,1,48.85,47.22,52.26,25
2021-04-08,2267019,206146,1802033,5949993,10642873,9232815,1664658,NA,NA,NA,126190788,-3,-2,1,0,-1,-1,-2,1,2,1,2,4,2,1,48.85,47.22,52.26,25
2021-04-09,2272064,207020,1804914,5972174,10984869,9426179,1855048,NA,NA,NA,126190788,-3,-2,1,0,-1,-1,-2,1,2,1,2,4,2,1,48.85,47.22,52.26,25
2021-04-10,2278420,209212,1807676,5983263,11204183,9552933,1976517,NA,NA,NA,126190788,-3,-2,1,0,-1,-1,-2,1,2,1,2,4,2,1,48.85,47.22,52.26,25
2021-04-11,2280213,209338,1809921,5988647,11395137,9673708,2069821,NA,NA,NA,126190788,-3,-2,1,0,-1,-1,-2,1,2,1,2,4,2,1,48.85,47.22,52.26,25
2021-04-12,2281840,209702,1812694,6014282,11703164,9871026,2223846,NA,NA,NA,126190788,-3,-2,-1,0,-1,-1,-2,1,2,1,2,-4,2,1,46.51,44.44,49.58,25
2021-04-13,2286352,210282,1815237,6037912,12407625,10310521,2632006,NA,NA,NA,126190788,-3,-2,-1,0,-1,-1,-2,1,2,1,2,-4,2,1,46.51,44.44,49.58,25
2021-04-14,2291246,210812,1817866,6060501,12912963,10581915,2954683,NA,NA,NA,126190788,-3,-2,-1,0,-1,-1,-2,1,2,1,2,-4,2,1,46.51,44.44,49.58,25
2021-04-15,2295435,211213,1820959,6082097,13421708,10837356,3286908,NA,NA,NA,126190788,-3,-2,-1,0,-1,-1,-2,1,2,1,2,-4,2,1,46.51,44.44,49.58,25
2021-04-16,2299939,211693,1823732,6102481,13978181,11067294,3681064,NA,NA,NA,126190788,-3,-2,-1,0,-1,-1,-2,1,2,1,2,-4,2,1,46.51,44.44,49.58,25
2021-04-17,2304096,212228,1826646,6111482,14240830,11196970,3844491,NA,NA,NA,126190788,-3,-2,-1,0,-1,-1,-2,1,2,1,2,-4,2,1,46.51,44.44,49.58,25
2021-04-18,2305602,212339,1829480,6116163,14368074,11253761,3927307,NA,NA,NA,126190788,-3,-2,-1,0,-1,-1,-2,1,2,1,2,-4,2,1,46.51,44.44,49.58,25
2021-04-19,2306910,212466,1833132,6139298,14571509,11288822,4111121,NA,NA,NA,126190788,-3,-2,-1,0,-1,-1,-2,1,2,1,2,-4,2,1,46.51,44.44,49.58,25
2021-04-20,2311172,213048,1836377,6160794,15003610,11449064,4512826,NA,NA,NA,126190788,-3,-2,-1,0,-1,-1,-2,1,2,1,2,-4,2,1,46.51,44.44,49.58,25
2021-04-21,2315811,213597,1839381,6182124,15477517,11622868,4978670,NA,NA,NA,126190788,-3,-2,-1,0,-1,-1,-2,1,2,1,2,-4,2,1,46.51,44.44,49.58,25
2021-04-22,2319519,214095,1841964,6202699,15874809,11807897,5347232,NA,NA,NA,126190788,-3,-2,-1,0,-1,-1,-2,1,2,1,2,-4,2,1,46.51,44.44,49.58,25
2021-04-23,2323430,214504,1845008,6222543,16214484,11961104,5646105,NA,NA,NA,126190788,-3,-2,-1,0,-1,-1,-2,1,2,1,2,-4,2,1,46.51,44.44,49.58,25
2021-04-24,2326738,214853,1848177,6231905,16410034,12038498,5830079,NA,NA,NA,126190788,-3,-2,-1,0,-1,-1,-2,1,2,1,2,-4,2,1,46.51,44.44,49.58,25
2021-04-25,2328391,214947,1850680,6236442,16501739,12054021,5917676,NA,NA,NA,126190788,-3,-2,-1,0,-1,-1,-2,1,2,1,2,-4,2,1,46.51,44.44,49.58,25
2021-04-26,2329534,215113,1853789,6258518,16687189,12096308,6096954,NA,NA,NA,126190788,-3,-2,-1,0,-1,-1,-2,1,2,1,2,-4,2,1,46.51,44.44,49.58,25
2021-04-27,2333126,215547,1856543,6278288,NA,NA,NA,NA,NA,NA,126190788,-3,-2,-1,0,-1,-1,-2,1,2,1,2,-4,2,1,46.51,44.44,49.58,25
2021-04-28,2336944,215918,1858844,6297634,17357993,12235767,6752282,NA,NA,NA,126190788,-3,-2,-1,0,-1,-1,-2,1,2,1,2,-4,2,1,46.51,44.44,49.58,25
2021-04-29,2340934,216447,1861861,6315054,17718806,12354467,7100269,NA,NA,NA,126190788,-3,-2,-1,0,-1,-1,-2,1,2,1,2,-4,2,1,46.51,44.44,49.58,25
2021-04-30,2344755,216907,1864914,6331190,18080005,12477933,7440439,NA,NA,NA,126190788,-3,-2,-1,0,-1,-1,-2,1,2,1,2,-4,2,1,46.51,44.44,49.58,25
2021-05-01,2347780,217168,1867191,6335532,18326726,12572997,7650150,NA,NA,NA,126190788,-3,-2,-1,0,-1,-1,-2,1,2,1,2,-4,3,1,47.76,44.44,51.01,25
2021-05-02,2348873,217233,1869529,6339528,18471669,12625860,7792707,NA,NA,NA,126190788,-3,-2,-1,0,-1,-1,-2,1,2,1,2,-4,3,1,47.76,44.44,51.01,25
2021-05-03,2349900,217345,1872375,6358693,18827623,12740897,NA,NA,NA,NA,126190788,-3,-2,-1,0,-1,-1,-2,1,2,1,2,-4,3,1,47.76,44.44,51.01,25
2021-05-04,2352964,217740,1875211,6377108,19340234,12984236,8418291,NA,NA,NA,126190788,-3,-2,-1,0,-1,-1,-2,1,2,1,2,-4,3,1,47.76,44.44,51.01,25
2021-05-05,2355985,218007,1877347,6393254,19951121,13328238,8790655,NA,NA,NA,126190788,-3,-2,-1,0,-1,-1,-2,1,2,1,2,-4,3,1,47.76,44.44,51.01,25
2021-05-06,2358831,218173,1879713,6411324,20540830,13715159,9092249,NA,NA,NA,126190788,-3,-2,-1,0,-1,-1,-2,1,2,1,2,-4,3,1,47.76,44.44,51.01,25
2021-05-07,2361874,218657,1881818,6428443,21008618,14021482,9325576,NA,NA,NA,126190788,-3,-2,-1,0,-1,-1,-2,1,2,1,2,-4,3,1,47.76,44.44,51.01,25
2021-05-08,2364617,218928,1884008,6436151,21228359,14148207,9440251,NA,NA,NA,126190788,-3,-2,-1,0,-1,-1,-2,1,2,1,2,-4,3,1,47.76,44.44,51.01,25
2021-05-09,2365792,218985,1886233,6440200,21300414,14176406,9486795,NA,NA,NA,126190788,-3,-2,-1,0,-1,-1,-2,1,2,1,2,-4,3,1,47.76,44.44,51.01,25
2021-05-10,2366496,219089,1888638,6449517,NA,NA,NA,NA,NA,NA,126190788,-3,-2,-1,0,-1,-1,-2,1,2,1,2,-4,3,1,47.76,44.44,51.01,25
2021-05-11,2368393,219323,1891052,6468421,21589272,14368460,9500000,NA,NA,NA,126190788,-3,-2,-1,0,-1,-1,-2,1,2,1,2,-4,3,1,47.76,44.44,51.01,25
2021-05-12,2371483,219590,1893236,6485026,21986456,14673682,9861173,NA,NA,NA,126190788,-3,-2,-1,0,-1,-1,-2,1,2,1,2,-4,3,1,47.76,44.44,51.01,25
2021-05-13,2375115,219901,1895483,6500322,22413285,14996844,10108593,NA,NA,NA,126190788,-3,-2,-1,0,-1,-1,-2,1,2,1,2,-4,3,1,47.76,44.44,51.01,25
2021-05-14,2377995,220159,1897587,6515643,NA,NA,NA,NA,NA,NA,126190788,-3,-2,-1,0,-1,-1,-2,1,2,1,2,-4,3,1,47.76,44.44,51.01,25
2021-05-15,2380690,220384,1899742,6522727,NA,NA,NA,NA,NA,NA,126190788,-3,-2,-1,0,-1,-1,-2,1,2,1,2,-4,3,1,47.76,44.44,51.01,25
2021-05-16,2381923,220437,1901322,6527282,23168462,15454195,10604476,NA,NA,NA,126190788,-3,-2,-1,0,-1,-1,-2,1,2,1,2,-4,3,1,47.76,44.44,51.01,25
2021-05-17,2382745,220493,1903494,6544402,23301884,15544106,10652500,NA,NA,NA,126190788,-3,-2,-1,0,-1,-1,-2,1,2,1,2,-4,3,1,47.76,44.44,51.01,25
2021-05-18,2385512,220746,1905591,6561187,NA,NA,NA,NA,NA,NA,126190788,-3,-2,-1,0,-1,-1,-2,1,2,1,2,-4,3,1,47.76,44.44,51.01,25
2021-05-19,2387512,220850,1907538,6577452,24223297,16173646,11131624,NA,NA,NA,126190788,-3,-2,-1,0,-1,-1,-2,1,2,1,2,-4,3,1,47.76,44.44,51.01,25
2021-05-20,2390140,221080,1909187,6592901,24988066,16819083,11384107,NA,NA,NA,126190788,-3,-2,-1,0,-1,-1,-2,1,2,1,2,-4,3,1,47.76,44.44,51.01,25
2021-05-21,2392744,221256,1911033,6608439,25626413,17386061,11584756,NA,NA,NA,126190788,-3,-2,-1,0,-1,-1,-2,1,2,1,2,-4,3,1,47.76,44.44,51.01,25
2021-05-22,2395330,221597,1912690,6615441,26148948,17858127,11720188,NA,NA,NA,126190788,-3,-2,-1,0,-1,-1,-2,1,2,1,2,-4,3,1,47.76,44.44,51.01,25
2021-05-23,2396604,221647,1914101,6619680,26478866,18170321,11784494,NA,NA,NA,126190788,-3,-2,-1,0,-1,-1,-2,1,2,1,2,-4,3,1,47.76,44.44,51.01,25
2021-05-24,2397307,221695,1916144,6636574,26655760,18338034,11794554,NA,NA,NA,126190788,-3,-2,-1,0,-1,-1,-2,1,2,1,2,-4,3,1,47.76,44.44,51.01,25
2021-05-25,2399790,221960,1917958,6652335,26953788,18610667,11832208,NA,NA,NA,126190788,-3,-2,-1,0,-1,-1,-2,1,2,1,2,-4,3,1,47.76,44.44,51.01,25
2021-05-26,2402722,222232,1919821,6666807,27709853,19327543,11919690,NA,NA,NA,126190788,-3,-2,-1,0,-1,-1,-2,1,2,1,2,-4,3,1,47.76,44.44,51.01,25
2021-05-27,2405772,222661,1921510,6681199,NA,NA,NA,NA,NA,NA,126190788,-3,-2,-1,0,-1,-1,-2,1,2,1,2,-4,3,1,47.76,44.44,51.01,25
2021-05-28,2408778,223072,1923744,6695996,29239997,20721248,12204779,NA,NA,NA,126190788,-3,-2,-1,0,-1,-1,-2,1,2,1,2,-4,3,1,47.76,44.44,51.01,25
2021-05-29,2411503,223455,1924865,6701630,29861331,21259657,12320589,NA,NA,NA,126190788,-3,-2,-1,0,-1,-1,-2,1,2,1,2,-4,3,1,47.76,44.44,51.01,25
2021-05-30,2412810,223507,1926287,6705699,30293682,21636247,12390240,NA,NA,NA,126190788,-3,-2,-1,0,-1,-1,-2,1,2,1,2,-4,3,1,47.76,44.44,51.01,25
2021-05-31,2413742,223568,1928467,6721837,30477703,21796967,12415247,NA,NA,NA,126190788,-3,-2,-1,0,-1,-1,-2,1,2,1,2,-4,3,1,47.76,44.44,51.01,25
2021-06-01,2420659,227840,1930608,6736555,30990908,22043213,12604789,NA,NA,NA,126190788,-3,-2,-1,0,-1,-1,-2,1,2,1,2,-4,3,1,47.76,44.44,51.01,25
2021-06-02,2423928,228146,1932457,6750602,31811931,22633460,12919455,NA,NA,NA,126190788,-3,-2,-1,0,-1,-1,-2,1,2,1,2,-4,3,1,47.76,44.44,51.01,25
2021-06-03,2426822,228362,1934541,6764502,32874857,23200887,13417362,NA,NA,NA,126190788,-3,-2,-1,0,-1,-1,-2,1,2,1,2,-4,3,1,47.76,44.44,51.01,25
2021-06-04,2429631,228568,1936266,6778755,33779982,23730336,13801863,NA,NA,NA,126190788,-3,-2,-1,0,-1,-1,-2,1,2,1,2,-4,3,1,47.76,44.44,51.01,25
2021-06-05,2431702,228758,1937977,6784665,34457602,24098361,14118256,NA,NA,NA,126190788,-3,-2,-1,0,-1,-1,-2,1,2,1,2,-4,3,1,47.76,44.44,51.01,25
2021-06-06,2433681,228804,1939596,6787794,34457602,24098361,14118256,NA,NA,NA,126190788,-3,-2,-1,0,-1,-1,-2,1,2,1,2,-4,3,1,47.76,44.44,51.01,25
2021-06-07,2434562,228838,1941913,6804895,34658545,24224273,14193288,NA,NA,NA,126190788,-3,-2,-1,0,-1,-1,-2,1,2,1,2,-4,3,1,47.76,44.44,51.01,25
2021-06-08,2438011,229100,1944267,6821727,35166248,24570319,14358881,NA,NA,NA,126190788,-3,-2,-1,0,-1,-1,-2,1,2,1,2,-4,3,1,47.76,44.44,51.01,25
2021-06-09,2441866,229353,1946477,6838156,36164011,25306211,14639188,NA,NA,NA,126190788,-3,-2,-1,0,-1,-1,-2,1,2,1,2,-4,3,1,47.76,44.44,51.01,25
2021-06-10,2445538,229580,1948267,6854147,36430953,25465992,14747978,NA,NA,NA,126190788,-3,-2,-1,0,-1,-1,-2,1,2,1,2,-4,3,1,47.76,44.44,51.01,25
2021-06-11,2448820,229823,1950419,6869990,36983641,25860841,14911487,NA,NA,NA,126190788,-3,-2,-1,0,-1,-1,-2,1,2,1,2,-4,3,1,47.76,44.44,51.01,25
2021-06-12,2452469,230097,1952381,6876861,37294959,26081614,15003652,NA,NA,NA,126190788,-3,-2,-1,0,-1,-1,-2,1,2,1,2,-4,3,1,47.76,44.44,51.01,25
2021-06-13,2454176,230150,1954251,6881226,37521976,26251224,15062873,NA,NA,NA,126190788,-3,-2,-1,0,-1,-1,-2,1,2,1,2,-4,3,1,47.76,44.44,51.01,25
2021-06-14,2455351,230187,1956575,6899350,37803462,26422800,15175659,NA,NA,NA,126190788,-3,-2,-1,0,-1,-1,-2,1,2,1,2,-4,3,1,47.76,44.44,51.01,25
2021-06-15,2459601,230428,1960033,6916651,38248562,26665789,15383285,NA,NA,NA,126190788,-3,-2,-1,0,-1,-1,-2,1,2,1,2,-4,3,1,47.76,44.44,51.01,25
2021-06-16,2463390,230624,1962152,6934624,38633462,26886856,15551250,NA,NA,NA,126190788,-3,-2,-1,0,-1,-1,-2,1,2,1,2,-4,3,1,47.76,44.44,51.01,25
2021-06-17,2467643,230792,1964300,6952305,39153336,27253174,15825432,NA,NA,NA,126190788,-3,-2,-1,0,-1,-1,-2,1,2,1,2,-4,3,1,47.76,44.44,51.01,25
2021-06-18,2471741,230959,1966702,6970039,39623088,27543142,16177003,NA,NA,NA,126190788,-3,-2,-1,0,-1,-1,-2,1,2,1,2,-4,3,1,47.76,44.44,51.01,25
2021-06-19,2471741,230959,NA,6977780,40031327,27753807,16526469,NA,NA,NA,126190788,-3,-2,-1,0,-1,-1,-2,1,2,1,2,-4,3,1,47.76,44.44,51.01,25
2021-06-20,2477283,231187,1971470,6982700,40227974,27896212,16695831,NA,NA,NA,126190788,-3,-2,-1,0,-1,-1,-2,1,2,1,2,-4,3,1,47.76,44.44,51.01,25
2021-06-21,2478551,231244,1974255,7003528,40700954,28198409,17047687,NA,NA,NA,126190788,-3,-2,-1,0,-1,-1,-2,1,2,1,2,-4,3,1,47.76,44.44,51.01,25
2021-06-22,2482784,231505,1977071,7024672,41368066,28590500,17463895,NA,NA,NA,126190788,-3,-2,-1,0,-1,-1,-2,1,2,1,2,-4,3,1,47.76,44.44,51.01,25
2021-06-23,2487747,231847,1979823,7046250,42155839,29099499,18006199,NA,NA,NA,126190788,-3,-2,-1,0,-1,-1,-2,1,2,1,2,-4,3,1,47.76,44.44,51.01,25
2021-06-24,2493087,232068,1982674,7067829,42791467,29520484,18350137,NA,NA,NA,126190788,-3,-2,-1,0,-1,-1,-2,1,2,1,2,-4,3,1,47.76,44.44,51.01,25
2021-06-25,2498357,232346,1985459,7089463,43369096,29847977,18634875,NA,NA,NA,126190788,-3,-2,-1,0,-1,-1,-2,1,2,1,2,-4,3,1,47.76,44.44,51.01,25
2021-06-26,2503408,232521,1988096,7099009,43753814,30009547,18863087,NA,NA,NA,126190788,-3,-2,-1,0,-1,-1,-2,1,2,1,2,-4,3,1,47.76,44.44,51.01,25
2021-06-27,2505792,232564,1990610,7104552,43912990,30078813,18953253,NA,NA,NA,126190788,-3,-2,-1,0,-1,-1,-2,1,2,1,2,-4,3,1,47.76,44.44,51.01,25
2021-06-28,2507453,232608,1994014,7129263,44385584,30385823,19126940,NA,NA,NA,126190788,-3,-2,-1,0,-1,-1,-2,1,2,1,2,-4,3,1,47.76,44.44,51.01,25
2021-06-29,2513164,232803,1997381,7152003,45113218,30903150,19358590,NA,NA,NA,126190788,-3,-2,-1,0,-1,-1,-2,1,2,1,2,-4,3,1,47.76,44.44,51.01,25
2021-06-30,2519269,233047,2000530,7173733,45898210,31510606,19566228,NA,NA,NA,126190788,-3,-2,-1,0,-1,-1,-2,1,2,1,2,-4,3,1,47.76,44.44,51.01,25
2021-07-01,2525350,233248,2003477,7195866,46451716,31960060,19686818,NA,NA,NA,126190788,-3,-2,-1,0,-1,-1,-2,1,2,1,2,-4,3,1,47.76,44.44,51.01,25
2021-07-02,2531192,233428,2007339,7218492,46945511,32397097,19755489,NA,NA,NA,126190788,-3,-2,-1,0,-1,-1,-2,1,2,1,2,-4,3,1,47.76,44.44,51.01,25
2021-07-03,2537457,233580,2010754,7229266,NA,NA,NA,NA,NA,NA,126190788,-3,-2,-1,0,-1,-1,-2,1,2,1,2,-4,3,1,47.76,44.44,51.01,25
2021-07-04,2540068,233622,2014868,7235768,47197494,32575554,19829015,NA,NA,NA,126190788,-3,-2,-1,0,-1,-1,-2,1,2,1,2,-4,3,1,47.76,44.44,51.01,25
2021-07-05,2541873,233689,2019048,7264850,47739783,33002466,19937022,NA,NA,NA,126190788,-3,-2,-1,0,-1,-1,-2,1,2,1,2,-4,3,1,47.76,44.44,51.01,25
2021-07-06,2549862,233958,2023270,7293296,48499324,33691170,20040922,NA,NA,NA,126190788,-3,-2,-1,0,-1,-1,-2,1,2,1,2,-4,3,1,47.76,44.44,51.01,25
2021-07-07,2558369,234192,2027541,7324062,49202252,34155903,20355222,NA,NA,NA,126190788,-3,-2,-1,0,-1,-1,-2,1,2,1,2,-4,3,1,47.76,44.44,51.01,25
2021-07-08,2567821,234458,2031875,7354739,49857020,34627540,20548715,NA,NA,NA,126190788,-3,-2,-1,0,-1,-1,-2,1,2,1,2,-4,3,1,47.76,44.44,51.01,25
2021-07-09,2577140,234675,2036776,7387419,50362218,35065569,20621383,NA,NA,NA,126190788,-3,-2,-1,0,-1,-1,-2,1,2,1,2,-4,3,1,47.76,44.44,51.01,25
2021-07-10,2586721,234907,2041418,7402030,50698518,35287821,20736615,NA,NA,NA,126190788,-3,-2,-1,0,-1,-1,-2,1,2,1,2,-4,3,1,47.76,44.44,51.01,25
2021-07-11,2590500,234969,2045818,7411027,50817979,35378414,20766146,NA,NA,NA,126190788,-3,-2,-1,0,-1,-1,-2,1,2,1,2,-4,3,1,47.76,44.44,51.01,25
2021-07-12,2593574,235058,2051357,7450880,51331578,35728222,20945773,NA,NA,NA,126190788,-3,-2,-1,0,-1,-1,-2,1,2,1,2,-4,3,1,47.76,44.44,51.01,25
2021-07-13,2604711,235277,2056317,7490887,51986413,36230549,21108633,NA,NA,NA,126190788,-3,-2,-1,0,-1,-1,-2,1,2,1,2,-4,4,1,49.01,44.44,52.44,25
2021-07-14,2616827,235507,2061595,7531106,52704960,36789100,21274238,NA,NA,NA,126190788,-3,-2,-1,0,-1,-1,-2,1,2,1,2,-4,4,1,49.01,44.44,52.44,25
2021-07-15,2629648,235740,2068175,7571627,53342673,37307725,21396576,NA,NA,NA,126190788,-3,-2,-1,0,-1,-1,-2,1,2,1,2,-4,4,1,49.01,44.44,52.44,25
2021-07-16,2642068,236015,2074145,7613029,53915023,37759104,21525199,NA,NA,NA,126190788,-3,-2,-1,0,-1,-1,-2,1,2,1,2,-4,4,1,49.01,44.44,52.44,25
2021-07-17,2654699,236240,2080483,7631016,54282399,38029139,21626694,NA,NA,NA,126190788,-3,-2,-1,0,-1,-1,-2,1,2,1,2,-4,4,1,49.01,44.44,52.44,25
2021-07-18,2659137,236331,2086657,7642302,54542551,38222492,21700199,NA,NA,NA,126190788,-3,-2,-1,0,-1,-1,-2,1,2,1,2,-4,4,1,49.01,44.44,52.44,25
2021-07-19,2664444,236469,2095953,7691401,NA,NA,NA,NA,NA,NA,126190788,-3,-2,-1,0,-1,-1,-2,1,2,1,2,-4,4,1,49.01,44.44,52.44,25
2021-07-20,2678297,236810,2104298,7741514,55107724,38507285,21996462,NA,NA,NA,126190788,-3,-2,-1,0,-1,-1,-2,1,2,1,2,-4,4,1,49.01,44.44,52.44,25
2021-07-21,2693495,237207,2112815,7791411,55911861,39043948,22290247,NA,NA,NA,126190788,-3,-2,-1,0,-1,-1,-2,1,2,1,2,-4,4,1,49.01,44.44,52.44,25
2021-07-22,2709739,237626,2120815,7843388,56872930,39725060,22613981,NA,NA,NA,126190788,-3,-2,-1,0,-1,-1,-2,1,2,1,2,-4,5,1,50.26,44.44,53.87,25
2021-07-23,2709739,237626,NA,7893961,58249143,40632434,23121276,NA,NA,NA,126190788,-3,-2,-1,0,-1,-1,-2,1,2,1,2,-4,5,1,50.26,44.44,53.87,25
2021-07-24,2741983,238316,2140327,7915502,59580006,41539250,23602901,NA,NA,NA,126190788,-3,-2,-1,0,-1,-1,-2,1,2,1,2,-4,5,1,50.26,44.44,53.87,25
2021-07-25,2748518,238424,2148642,7929872,60558289,42180955,23955609,NA,NA,NA,126190788,-3,-2,-1,0,-1,-1,-2,1,2,1,2,-4,5,1,50.26,44.44,53.87,25
2021-07-26,2754438,238595,2160130,7986595,60885690,42429051,24048259,NA,NA,NA,126190788,-3,-3,-2,-4,-1,-2,-2,1,2,1,2,-4,5,1,63.02,67.13,68.45,25
2021-07-27,2771846,239079,2171095,8043519,61858631,43089310,24428264,NA,NA,NA,126190788,-3,-3,-2,-4,-1,-2,-2,1,2,1,2,-4,5,1,63.02,67.13,68.45,25
2021-07-28,2790874,239616,2181291,8098520,63313209,44188943,24856170,NA,NA,NA,126190788,-3,-3,-2,-4,-1,-2,-2,1,2,1,2,-4,5,1,63.02,67.13,68.45,25
2021-07-29,2810097,239997,2192477,8154338,64489596,45066028,25205090,NA,NA,NA,126190788,-3,-3,-2,-4,-1,-2,-2,1,2,1,2,-4,5,1,63.02,67.13,68.45,25
2021-07-30,2829443,240456,2204109,8207526,65631680,45952314,25511123,NA,NA,NA,126190788,-3,-3,-2,-4,-1,-2,-2,1,2,1,2,-4,5,1,63.02,67.13,68.45,25
2021-07-31,2848252,240906,2215884,8229574,66712486,46866125,25727786,NA,NA,NA,126190788,-3,-3,-2,-4,-1,-2,-2,1,2,1,2,-4,5,1,63.02,67.13,68.45,25
2021-08-01,2854992,241034,2226594,8245156,67355342,47463637,25792543,NA,NA,NA,126190788,-3,-3,-2,-4,-1,-2,-2,1,2,1,2,-4,5,1,63.02,67.13,68.45,25
2021-08-02,2861498,241279,2241868,8303211,67594385,47690704,25808916,NA,NA,NA,126190788,-3,-3,-2,-4,-1,-2,-2,1,2,1,2,-4,5,1,63.02,67.13,68.45,25
2021-08-03,2880409,241936,2257443,8361487,68089659,48095458,25912407,NA,NA,NA,126190788,-3,-3,-2,-4,-1,-2,-2,1,2,1,2,-4,5,1,63.02,67.13,68.45,25
2021-08-04,2901094,242547,2270427,8417675,68825948,48616734,26152992,NA,NA,NA,126190788,-3,-3,-2,-4,-1,-2,-2,1,2,1,2,-4,5,1,63.02,67.13,68.45,25
2021-08-05,2922663,243165,NA,8473281,69820231,49299175,26503580,NA,NA,NA,126190788,-3,-3,-2,-4,-1,-2,-2,1,2,1,2,-4,5,1,63.02,67.13,68.45,25
2021-08-06,2944226,243733,NA,8526919,70808386,49994722,26834257,NA,NA,NA,126190788,-3,-3,-2,-4,-1,-2,-2,1,2,1,2,-4,5,1,63.02,67.13,68.45,25
2021-08-07,2964244,244248,NA,8550864,NA,NA,NA,NA,NA,NA,126190788,-3,-3,-2,-4,-1,-2,-2,1,2,1,2,-4,5,1,63.02,67.13,68.45,25
2021-08-08,2971817,244420,NA,8567311,71654978,50571586,27134249,NA,NA,NA,126190788,-3,-3,-2,-4,-1,-2,-2,1,2,1,2,-4,5,1,63.02,67.13,68.45,25
2021-08-09,2978330,244690,NA,8630567,72132661,50835215,27363404,NA,NA,NA,126190788,-3,-3,-2,-4,-1,-2,-2,1,2,1,2,-4,5,1,63.02,67.13,68.45,25
2021-08-10,2997885,245476,NA,8691908,72488230,51061391,27502230,NA,NA,NA,126190788,-3,-3,-2,-4,-1,-2,-2,1,2,1,2,-4,5,1,63.02,67.13,68.45,25
2021-08-11,3020596,246203,NA,8751077,72986350,51404453,27677695,NA,NA,NA,126190788,-3,-3,-2,-4,-1,-2,-2,1,2,1,2,-4,5,1,63.02,67.13,68.45,25
2021-08-12,3045571,246811,NA,8809213,73771750,51914599,28011649,NA,NA,NA,126190788,-3,-3,-2,-4,-1,-2,-2,1,2,1,2,-4,5,1,63.02,67.13,68.45,25
2021-08-13,3068329,247414,NA,8865921,74802779,52624341,28384141,NA,NA,NA,126190788,-3,-3,-2,-4,-1,-2,-2,1,2,1,2,-4,5,1,63.02,67.13,68.45,25
2021-08-14,3091971,248167,NA,8889240,75780229,53298457,28746570,NA,NA,NA,126190788,-3,-3,-2,-4,-1,-2,-2,1,2,1,2,-4,5,1,63.02,67.13,68.45,25
2021-08-15,3091971,248167,NA,8904432,76587422,53837225,29046598,NA,NA,NA,126190788,-3,-3,-2,-4,-1,-2,-2,1,2,1,2,-4,5,1,63.02,67.13,68.45,25
2021-08-16,3108438,248652,NA,8964724,77225451,54305039,29239686,NA,NA,NA,126190788,-3,-3,-2,-4,-1,-2,-2,1,2,1,1,-4,5,1,59.9,67.13,64.88,25
2021-08-17,3123252,249529,NA,9022390,77573466,54532420,29402096,NA,NA,NA,126190788,-3,-3,-2,-4,-1,-2,-2,1,2,1,1,-4,5,1,59.9,67.13,64.88,25
2021-08-18,3152205,250469,NA,9077367,78765073,55307523,29903441,NA,NA,NA,126190788,-3,-3,-2,-4,-1,-2,-2,1,2,1,1,-4,5,1,59.9,67.13,64.88,25
2021-08-19,3175374,251305,NA,9129005,79399398,55643238,30219721,NA,NA,NA,126190788,-3,-3,-2,-4,-1,-2,-2,1,2,1,1,-4,5,1,59.9,67.13,64.88,25
2021-08-20,3197108,252080,NA,9179002,79933762,55928566,30490131,NA,NA,NA,126190788,-3,-3,-2,-4,-1,-2,-2,1,2,1,1,-4,5,1,59.9,67.13,64.88,25
2021-08-21,3217415,252927,NA,9198004,80404167,56165373,30746818,NA,NA,NA,126190788,-3,-3,-2,-4,-1,-2,-2,1,2,1,1,-4,5,1,59.9,67.13,64.88,25
2021-08-22,3225073,253155,NA,9211519,80683665,56277083,30919930,NA,NA,NA,126190788,-3,-3,-2,-4,-1,-2,-2,1,2,1,1,-4,5,1,59.9,67.13,64.88,25
2021-08-23,3231616,253526,NA,9264194,80886612,56409551,30991824,NA,NA,NA,126190788,-3,-3,-2,-4,-1,-2,-2,1,2,1,1,-4,5,1,59.9,67.13,64.88,25
2021-08-24,3249878,254466,NA,9313073,81274760,56575083,31219643,NA,NA,NA,126190788,-3,-3,-2,-4,-1,-2,-2,1,2,1,1,-4,5,1,59.9,67.13,64.88,25
2021-08-25,3271128,255452,NA,9358523,81923702,56742139,31703790,NA,NA,NA,126190788,-3,-3,-2,-4,-1,-2,-2,1,2,1,1,-4,5,1,59.9,67.13,64.88,25
2021-08-26,3291761,256287,NA,9402313,82678717,56925095,32278249,NA,NA,NA,126190788,-3,-3,-2,-4,-1,-2,-2,1,2,1,1,-4,5,1,59.9,67.13,64.88,25
2021-08-27,3311317,257150,NA,9443972,83433577,57164235,32801616,NA,NA,NA,126190788,-3,-3,-2,-4,-1,-2,-2,1,2,1,1,-4,5,1,59.9,67.13,64.88,25
2021-08-28,3328863,257906,NA,9461641,84026447,57343646,33220439,NA,NA,NA,126190788,-3,-3,-2,-4,-1,-2,-2,1,2,1,1,-4,5,1,59.9,67.13,64.88,25
2021-08-29,3335700,258165,NA,9472794,84379551,57440626,33489676,NA,NA,NA,126190788,-3,-3,-2,-4,-1,-2,-2,1,2,1,1,-4,5,1,59.9,67.13,64.88,25
2021-08-30,3341264,258491,NA,9518316,84549082,57547462,33620717,NA,NA,NA,126190788,-3,-3,-2,-4,-1,-2,-2,1,2,1,1,-4,5,1,59.9,67.13,64.88,25
2021-08-31,3352410,259326,NA,9558640,84946443,57798967,33922392,NA,NA,NA,126190788,-3,-3,-2,-4,-1,-2,-2,1,2,1,1,4,5,1,60.68,67.13,65.77,25
2021-09-01,3369747,260503,NA,9597241,85375481,58008815,34282292,NA,NA,NA,126190788,-3,-3,-2,-4,-1,-2,-2,1,2,1,1,4,5,1,60.68,67.13,65.77,25
2021-09-02,3387885,261496,NA,9633880,85845792,58238589,34656277,NA,NA,NA,126190788,-3,-3,-2,-4,-1,-2,-2,1,2,1,1,4,5,1,60.68,67.13,65.77,25
2021-09-03,3405294,262221,NA,9671293,85845792,58238589,34656277,NA,NA,NA,126190788,-3,-3,-2,-4,-1,-2,-2,1,2,1,1,4,5,1,60.68,67.13,65.77,25
2021-09-04,3420880,262868,NA,9687476,86793531,58749621,35425324,NA,NA,NA,126190788,-3,-3,-2,-4,-1,-2,-2,1,2,1,1,4,5,1,60.68,67.13,65.77,25
2021-09-05,3428384,263140,NA,9697577,87014220,58906303,35623880,NA,NA,NA,126190788,-3,-3,-2,-4,-1,-2,-2,1,2,1,1,4,5,1,60.68,67.13,65.77,25
2021-09-06,3433511,263470,NA,9740196,87224714,59059884,35813552,NA,NA,NA,126190788,0,-2,-1,0,-1,-1,-2,1,2,1,1,-4,5,1,41.93,35.19,44.35,25
2021-09-07,3449295,264541,NA,9776693,87750381,59334972,36190731,NA,NA,NA,126190788,0,-2,-1,0,-1,-1,-2,1,2,1,1,-4,5,1,41.93,35.19,44.35,25
2021-09-08,3465171,265420,NA,9810848,NA,NA,NA,NA,NA,NA,126190788,0,-2,-1,0,-1,-1,-2,1,2,1,1,-4,5,1,41.93,35.19,44.35,25
2021-09-09,3479999,266150,NA,9845314,88593229,59614774,36864200,NA,NA,NA,126190788,0,-2,-1,0,-1,-1,-2,1,2,1,1,-4,5,1,41.93,35.19,44.35,25
2021-09-10,3479999,266150,NA,9879549,90366606,60186714,38161378,NA,NA,NA,126190788,0,-2,-1,0,-1,-1,-2,1,2,1,1,-4,5,1,41.93,35.19,44.35,25
2021-09-11,3506743,267524,NA,9894175,91182279,60468615,38782067,NA,NA,NA,126190788,0,-2,-1,0,-1,-1,-2,1,2,1,1,-4,5,1,41.93,35.19,44.35,25
2021-09-12,3511882,267748,NA,9903957,91720391,60759845,39070943,NA,NA,NA,126190788,0,-2,-1,0,-1,-1,-2,1,2,1,1,-4,5,1,41.93,35.19,44.35,25
2021-09-13,3516043,267969,NA,9941206,92080595,60921470,39319931,NA,NA,NA,126190788,0,-2,-1,0,-1,-1,-2,1,2,1,1,-4,5,1,41.93,35.19,44.35,25
2021-09-14,3528972,269016,NA,9973619,92749295,61175097,39850745,NA,NA,NA,126190788,0,-2,-1,0,-1,-1,-2,1,2,1,1,-4,5,1,41.93,35.19,44.35,25
2021-09-15,3542189,269913,NA,9996183,93588719,61407799,40532869,NA,NA,NA,126190788,0,-2,-1,0,-1,-1,-2,1,2,1,1,-4,5,1,41.93,35.19,44.35,25
2021-09-16,3549229,270348,NA,10005705,94144251,61573170,40997724,NA,NA,NA,126190788,0,-2,-1,0,-1,-1,-2,1,2,1,1,-4,5,1,41.93,35.19,44.35,25
2021-09-17,3552983,270538,NA,10038860,94300526,61616895,41115211,NA,NA,NA,126190788,0,-2,-1,0,-1,-1,-2,1,2,1,1,-4,5,1,41.93,35.19,44.35,25
2021-09-18,3552983,270538,NA,10052498,94858068,61886401,41463209,NA,NA,NA,126190788,0,-2,-1,0,-1,-1,-2,1,2,1,1,-4,5,1,41.93,35.19,44.35,25
2021-09-19,3569677,271503,NA,10061475,95271399,62089019,41698947,NA,NA,NA,126190788,0,-2,-1,0,-1,-1,-2,1,2,1,1,-4,5,1,41.93,35.19,44.35,25
2021-09-20,3573044,271765,NA,10097731,95638622,62254786,41918336,NA,NA,NA,126190788,0,-2,-1,0,-1,-1,-2,1,2,1,1,-4,5,1,41.93,35.19,44.35,25
2021-09-21,3585565,272580,NA,10128952,96080633,62466037,42200082,NA,NA,NA,126190788,0,-2,-1,0,-1,-1,-2,1,2,1,1,-4,5,1,41.93,35.19,44.35,25
2021-09-22,3597168,273391,NA,10159399,96793184,62692366,42715579,NA,NA,NA,126190788,0,-2,-1,0,-1,-1,-2,1,2,1,1,-4,5,1,41.93,35.19,44.35,25
2021-09-23,3608976,274139,NA,10187481,97523713,62911164,43248659,NA,NA,NA,126190788,0,-2,-1,0,-1,-1,-2,1,2,1,1,-4,5,1,41.93,35.19,44.35,25
2021-09-24,3619115,274703,NA,10215998,98282544,63125382,43820430,NA,NA,NA,126190788,0,-2,-1,0,-1,-1,-2,1,2,1,1,-4,5,1,41.93,35.19,44.35,25
2021-09-25,3619115,274703,NA,10228363,98895325,63317849,44278675,NA,NA,NA,126190788,0,-2,-1,0,-1,-1,-2,1,2,1,1,-4,5,1,41.93,35.19,44.35,25
2021-09-26,3632800,275450,NA,10236699,99186517,63396136,44511000,NA,NA,NA,126190788,0,-2,-1,0,-1,-1,-2,1,2,1,1,-4,5,1,41.93,35.19,44.35,25
2021-09-27,3635807,275676,NA,10269810,99366403,63473608,44626347,NA,NA,NA,126190788,0,-2,-1,0,-1,-1,-2,1,2,1,1,-4,5,1,41.93,35.19,44.35,25
2021-09-28,3645599,276376,NA,10297856,99868671,63550739,44902572,NA,NA,NA,126190788,0,-2,-1,0,-1,-1,-2,1,2,1,1,-4,5,1,41.93,35.19,44.35,25
2021-09-29,3655395,276973,NA,10323427,100516964,63719420,45284037,NA,NA,NA,126190788,0,-2,-1,0,-1,-1,-2,1,2,1,1,-4,5,1,41.93,35.19,44.35,25
2021-09-30,3664223,277507,NA,10346271,101190484,63913428,45572525,NA,NA,NA,126190788,0,-2,-1,0,-1,-1,-2,1,2,1,1,-4,5,1,41.93,35.19,44.35,25
2021-10-01,3671611,277978,NA,10369202,NA,NA,NA,NA,NA,NA,126190788,0,-2,-1,0,-1,-1,-2,1,2,1,1,-4,5,1,41.93,35.19,44.35,25
2021-10-02,3678980,278592,NA,10379392,101782415,64048979,45794439,NA,NA,NA,126190788,0,-2,-1,0,-1,-1,-2,1,2,1,1,-4,5,1,41.93,35.19,44.35,25
2021-10-03,3678980,278592,NA,10386355,NA,NA,NA,NA,NA,NA,126190788,0,-2,-1,0,-1,-1,-2,1,2,1,1,-4,5,1,41.93,35.19,44.35,25
2021-10-04,3684242,279106,NA,10414242,102643418,64323090,46054543,NA,NA,NA,126190788,0,-2,-1,0,-1,-1,-2,1,2,1,1,-4,5,1,41.93,35.19,44.35,25
2021-10-05,3684242,279106,NA,10439322,NA,NA,NA,NA,NA,NA,126190788,0,-2,-1,0,-1,-1,-2,1,2,1,1,-4,5,1,41.93,35.19,44.35,25
2021-10-06,3691924,279896,NA,10462869,104554441,65692031,46309831,NA,NA,NA,126190788,0,-2,-1,0,-1,-1,-2,1,2,1,1,-4,5,1,41.93,35.19,44.35,25
2021-10-07,3707234,281121,NA,10485130,105320232,65879194,46986802,NA,NA,NA,126190788,0,-2,-1,0,-1,-1,-2,1,2,1,1,-4,5,1,41.93,35.19,44.35,25
2021-10-08,3714392,281610,NA,10507571,106121884,66049447,47692378,NA,NA,NA,126190788,0,-2,-1,0,-1,-1,-2,1,2,1,1,-4,5,1,41.93,35.19,44.35,25
2021-10-09,3714392,281610,NA,10517836,106730702,66225915,48166370,NA,NA,NA,126190788,0,-2,-1,0,-1,-1,-2,1,2,1,1,-4,5,1,41.93,35.19,44.35,25
2021-10-10,3723235,282086,NA,10525501,107154354,66324955,NA,NA,NA,NA,126190788,0,-2,-1,0,-1,-1,-2,1,2,1,1,-4,5,1,41.93,35.19,44.35,25
2021-10-11,3725242,282227,NA,10553468,107381477,66680553,48482445,NA,NA,NA,126190788,0,-2,-1,0,-1,-1,-2,1,2,1,1,-4,5,1,41.93,35.19,44.35,25
2021-10-12,3732429,282773,NA,10577392,107921674,66900796,48874683,NA,NA,NA,126190788,0,-2,-1,0,-1,-1,-2,1,2,1,1,-4,5,1,41.93,35.19,44.35,25
2021-10-13,3738749,283193,NA,10600396,NA,NA,NA,NA,NA,NA,126190788,0,-2,-1,0,-1,-1,-2,1,2,1,1,-4,5,1,41.93,35.19,44.35,25
2021-10-14,3744574,283574,NA,10622676,108947179,67340974,49588993,NA,NA,NA,126190788,0,-2,-1,0,-1,-1,-2,1,2,1,1,-4,5,1,41.93,35.19,44.35,25
2021-10-15,3749860,284008,NA,10644390,NA,NA,NA,NA,NA,NA,126190788,0,-2,-1,0,-1,-1,-2,1,2,1,1,-4,5,1,41.93,35.19,44.35,25
2021-10-16,3755063,284321,NA,10653194,NA,NA,NA,NA,NA,NA,126190788,0,-2,-1,0,-1,-1,-2,1,2,1,1,-4,5,1,41.93,35.19,44.35,25
2021-10-17,3757056,284381,NA,10659099,110574539,67957153,50772621,NA,NA,NA,126190788,0,-2,-1,0,-1,-1,-2,1,2,1,1,-4,5,1,41.93,35.19,44.35,25
2021-10-18,3758469,284477,NA,10683872,112198441,69105502,51291609,NA,NA,NA,126190788,0,-2,-1,0,-1,-1,-2,1,2,1,1,-4,5,1,41.93,35.19,44.35,25
2021-10-19,3762689,284925,NA,10705958,112603277,69301136,51521552,NA,NA,NA,126190788,0,-2,-1,0,-1,-1,-2,1,2,1,1,-4,5,1,41.93,35.19,44.35,25
2021-10-20,3767758,285347,NA,10727542,112996000,69478811,51763221,NA,NA,NA,126190788,0,-2,-1,0,-1,-1,-2,1,2,1,1,-4,5,1,41.93,35.19,44.35,25
2021-10-21,3772556,285669,NA,10747336,113471215,69612911,52117827,NA,NA,NA,126190788,0,-2,-1,0,-1,-1,-2,1,2,1,1,-4,5,1,41.93,35.19,44.35,25
2021-10-22,3777209,285953,NA,10767843,113957610,69724549,52499013,NA,NA,NA,126190788,0,-2,-1,0,-1,-1,-2,1,2,1,1,-4,5,1,41.93,35.19,44.35,25
2021-10-23,3781661,286259,NA,10776469,114558359,69879788,52949966,NA,NA,NA,126190788,0,-2,-1,0,-1,-1,-2,1,2,1,1,-4,5,1,41.93,35.19,44.35,25
2021-10-24,3781661,286259,NA,10782293,115185985,69974180,53487503,NA,NA,NA,126190788,0,-2,-1,0,-1,-1,-2,1,2,1,1,-4,5,1,41.93,35.19,44.35,25
2021-10-25,3784448,286496,NA,10805923,115624628,70049066,53853917,NA,NA,NA,126190788,0,-2,-1,0,-1,-1,-2,1,2,1,1,-4,5,1,41.93,35.19,44.35,25
2021-10-26,3784448,286496,NA,10826720,117240849,70996565,54683434,NA,NA,NA,126190788,0,-2,-1,0,-1,-1,-2,1,2,1,1,-4,5,1,41.93,35.19,44.35,25
2021-10-27,3788986,286888,NA,10846396,NA,NA,NA,NA,NA,NA,126190788,0,-2,-1,0,-1,-1,-2,1,2,1,1,-4,5,1,41.93,35.19,44.35,25
2021-10-28,3798286,287631,NA,10865518,NA,NA,NA,NA,NA,NA,126190788,0,-2,-1,0,-1,-1,-2,1,2,1,1,-4,5,1,41.93,35.19,44.35,25
2021-10-29,3802287,287951,NA,10882903,118849796,71366205,55942853,NA,NA,NA,126190788,0,-2,-1,0,-1,-1,-2,1,2,1,1,-4,5,1,41.93,35.19,44.35,25
2021-10-30,3805765,288276,NA,10889970,126095919,74560444,60366148,NA,NA,NA,126190788,0,-2,-1,0,-1,-1,-2,1,2,1,1,-4,5,1,41.93,35.19,44.35,25
2021-10-31,3807211,288365,NA,10894685,126339370,74607721,60565545,NA,NA,NA,126190788,0,-2,-1,0,-1,-1,-2,1,2,1,1,-4,5,1,41.93,35.19,44.35,25
2021-11-01,3807211,288365,NA,10911676,126429271,74634486,60629516,NA,NA,NA,126190788,0,-2,-1,0,-1,-1,-2,1,2,1,1,-4,5,1,41.93,35.19,44.35,25
2021-11-02,3808205,288464,NA,10924124,NA,NA,NA,NA,NA,NA,126190788,0,-2,-1,0,-1,-1,-2,1,2,1,1,-4,5,1,41.93,35.19,44.35,25
2021-11-03,3811793,288733,NA,10945202,126522110,74642433,60714988,NA,NA,NA,126190788,0,-2,-1,0,-1,-1,-2,1,2,1,1,-4,5,1,41.93,35.19,44.35,25
2021-11-04,3814453,288887,NA,10965423,126884663,74687340,61036413,NA,NA,NA,126190788,0,-2,-1,0,-1,-1,-2,1,2,1,1,-4,5,1,41.93,35.19,44.35,25
2021-11-05,3818216,289131,NA,10984242,NA,NA,NA,NA,NA,NA,126190788,0,-2,-1,0,-1,-1,-2,1,2,1,1,-4,5,1,41.93,35.19,44.35,25
2021-11-06,3825404,289674,NA,10991253,NA,NA,NA,NA,NA,NA,126190788,0,-2,-1,0,-1,-1,-2,1,2,1,1,-4,5,1,41.93,35.19,44.35,25
2021-11-07,3826786,289734,NA,10996533,128241025,74937548,62164245,NA,NA,NA,126190788,0,-2,-1,0,-1,-1,-2,1,2,1,1,-4,5,1,41.93,35.19,44.35,25
2021-11-08,3826786,289734,NA,11019353,128356362,74953313,62264479,NA,NA,NA,126190788,0,-2,-1,0,-1,-1,-2,1,2,1,1,-4,5,1,41.93,35.19,44.35,25
2021-11-09,3831259,290110,NA,11039519,NA,NA,NA,NA,NA,NA,126190788,0,-2,-1,0,-1,-1,-2,1,2,1,1,-4,5,1,41.93,35.19,44.35,25
2021-11-10,3831259,290110,NA,11058898,128940251,75170848,62684986,NA,NA,NA,126190788,0,-2,-1,0,-1,-1,-2,1,2,1,1,-4,5,1,41.93,35.19,44.35,25
2021-11-11,3838308,290630,NA,11076871,129201826,75260370,62881897,NA,NA,NA,126190788,0,-2,-1,0,-1,-1,-2,1,2,1,1,-4,5,1,41.93,35.19,44.35,25
2021-11-12,3838308,290630,NA,11093842,NA,NA,NA,NA,NA,NA,126190788,0,-2,-1,0,-1,-1,-2,1,2,1,1,-4,5,1,41.93,35.19,44.35,25
2021-11-13,3841661,290872,NA,11100064,NA,NA,NA,NA,NA,NA,126190788,0,-2,-1,0,-1,-1,-2,1,2,1,1,-4,5,1,41.93,35.19,44.35,25
2021-11-14,3844791,291089,NA,11104395,129806147,75439928,63353433,NA,NA,NA,126190788,0,-2,-1,0,-1,-1,-2,1,2,1,1,-4,5,1,41.93,35.19,44.35,25
2021-11-15,3845733,291147,NA,11110660,129859458,75455207,63394870,NA,NA,NA,126190788,0,-2,-1,0,-1,-1,-2,1,2,1,1,-4,5,1,41.93,35.19,44.35,25
2021-11-16,3846508,291204,NA,11130863,129874396,75459027,63407243,NA,NA,NA,126190788,0,-2,-1,0,-1,-1,-2,1,2,1,1,-4,5,1,41.93,35.19,44.35,25
2021-11-17,3851079,291573,NA,11149200,129993156,75497762,63495569,NA,NA,NA,126190788,0,-2,-1,0,-1,-1,-2,1,2,1,1,-4,5,1,41.93,35.19,44.35,25
2021-11-18,3854994,291929,NA,11166895,130244910,75577084,63690510,NA,NA,NA,126190788,0,-2,-1,0,-1,-1,-2,1,2,1,1,-4,5,1,41.93,35.19,44.35,25
2021-11-19,3854994,291929,NA,11183311,NA,NA,NA,NA,NA,NA,126190788,0,-2,-1,0,-1,-1,-2,1,2,1,1,-4,5,1,41.93,35.19,44.35,25
2021-11-20,3858831,292145,NA,11189581,130789808,75785054,64131916,NA,NA,NA,126190788,0,-2,-1,0,-1,-1,-2,1,2,1,1,-4,5,1,41.93,35.19,44.35,25
2021-11-21,3862137,292372,NA,11194698,130975650,75862107,64249748,NA,NA,NA,126190788,0,-2,-1,0,-1,-1,-2,1,2,1,1,-4,5,1,41.93,35.19,44.35,25
2021-11-22,3864278,292524,NA,11214839,131075161,75896683,64317192,NA,NA,NA,126190788,0,-2,-1,0,-1,-1,-2,1,2,1,1,-4,5,1,41.93,35.19,44.35,25
2021-11-23,3864278,292524,NA,11231958,NA,NA,NA,NA,NA,NA,126190788,0,-2,-1,0,-1,-1,-2,1,2,1,1,-4,5,1,41.93,35.19,44.35,25
2021-11-24,3867976,292850,NA,11248270,131379625,76046332,64502180,NA,NA,NA,126190788,0,-2,-1,0,-1,-1,-2,1,2,1,1,-4,5,1,41.93,35.19,44.35,25
2021-11-25,3876391,293449,NA,11262496,131601135,76164064,64618673,NA,NA,NA,126190788,0,-2,-1,0,-1,-1,-2,1,2,1,1,-4,5,1,41.93,35.19,44.35,25
2021-11-26,3879836,293614,NA,11272476,NA,NA,NA,NA,NA,NA,126190788,NA,NA,NA,NA,NA,NA,NA,NA,NA,NA,NA,NA,NA,NA,NA,NA,NA,NA
2021-11-27,3879836,293614,NA,11275770,132097392,76480431,64830452,NA,NA,NA,126190788,NA,NA,NA,NA,NA,NA,NA,NA,NA,NA,NA,NA,NA,NA,NA,NA,NA,NA
2021-11-28,3882792,293859,NA,11277194,132308788,76609987,64922896,NA,NA,NA,126190788,NA,NA,NA,NA,NA,NA,NA,NA,NA,NA,NA,NA,NA,NA,NA,NA,NA,NA
2021-11-29,3884566,293950,NA,NA,132422896,76685147,64971111,NA,NA,NA,126190788,NA,NA,NA,NA,NA,NA,NA,NA,NA,NA,NA,NA,NA,NA,NA,NA,NA,NA
2021-11-30,3884566,293950,NA,NA,NA,NA,NA,NA,NA,NA,126190788,NA,NA,NA,NA,NA,NA,NA,NA,NA,NA,NA,NA,NA,NA,NA,NA,NA,NA
